GO.ID	Term	Annotated	Significant	Expected	Fisher	Genes
GO:0005789	endoplasmic reticulum membrane	295	23	8.36	1e-05	LOC_00000249;LOC_00000361;LOC_00000389;LOC_00000390;LOC_00000391;LOC_00000392;LOC_00000454;LOC_00000461;LOC_00000497;LOC_00000509;LOC_00000510;LOC_00000511;LOC_00000512;LOC_00000513;LOC_00000514;LOC_00000515;LOC_00000516;LOC_00000517;LOC_00000518;LOC_00000519;LOC_00000521;LOC_00000522;LOC_00000524
GO:0016589	NURF complex	4	2	0.11	0.0046	LOC_00000310;LOC_00000436
GO:0008076	voltage-gated potassium channel complex	7	2	0.2	0.0153	LOC_00000493;LOC_00000495
GO:0031528	microvillus membrane	1	1	0.03	0.0283	LOC_00000523
GO:0005677	chromatin silencing complex	1	1	0.03	0.0283	LOC_00000410
GO:0032019	mitochondrial cloud	1	1	0.03	0.0283	LOC_00000327
GO:0032426	stereocilium tip	1	1	0.03	0.0283	LOC_00000523
GO:0033391	chromatoid body	1	1	0.03	0.0283	LOC_00000327
GO:0097225	sperm midpiece	1	1	0.03	0.0283	LOC_00000523
GO:0070545	PeBoW complex	1	1	0.03	0.0283	LOC_00000458
GO:0005615	extracellular space	161	10	4.56	0.0361	LOC_00000341;LOC_00000342;LOC_00000343;LOC_00000350;LOC_00000351;LOC_00000380;LOC_00000381;LOC_00000398;LOC_00000399;LOC_00000400
GO:0043186	P granule	2	1	0.06	0.0559	LOC_00000327
GO:0042734	presynaptic membrane	2	1	0.06	0.0559	LOC_00000461
GO:0072562	blood microparticle	2	1	0.06	0.0559	LOC_00000351
GO:0016012	sarcoglycan complex	3	1	0.09	0.0826	LOC_00000297
GO:0071339	MLL1 complex	3	1	0.09	0.0826	LOC_00000310
GO:0031526	brush border membrane	3	1	0.09	0.0826	LOC_00000523
GO:0062023	collagen-containing extracellular matrix	69	5	1.96	0.0849	LOC_00000286;LOC_00000341;LOC_00000343;LOC_00000350;LOC_00000351
GO:0005886	plasma membrane	735	30	20.83	0.0957	LOC_00000154;LOC_00000155;LOC_00000158;LOC_00000172;LOC_00000173;LOC_00000174;LOC_00000175;LOC_00000176;LOC_00000233;LOC_00000297;LOC_00000312;LOC_00000335;LOC_00000345;LOC_00000346;LOC_00000347;LOC_00000348;LOC_00000351;LOC_00000352;LOC_00000354;LOC_00000355;LOC_00000366;LOC_00000455;LOC_00000461;LOC_00000466;LOC_00000493;LOC_00000495;LOC_00000506;LOC_00000507;LOC_00000508;LOC_00000523
GO:0000792	heterochromatin	4	1	0.11	0.1086	LOC_00000212
GO:0030687	preribosome, large subunit precursor	4	1	0.11	0.1086	LOC_00000458
GO:0000159	protein phosphatase type 2A complex	4	1	0.11	0.1086	LOC_00000417
GO:0005730	nucleolus	120	7	3.4	0.1200	LOC_00000207;LOC_00000305;LOC_00000308;LOC_00000320;LOC_00000458;LOC_00000470;LOC_00000520
GO:0016328	lateral plasma membrane	5	1	0.14	0.1339	LOC_00000335
GO:0017101	aminoacyl-tRNA synthetase multienzyme complex	5	1	0.14	0.1339	LOC_00000265
GO:0031519	PcG protein complex	6	1	0.17	0.1585	LOC_00000410
GO:0017119	Golgi transport complex	6	1	0.17	0.1585	LOC_00000416
GO:0001726	ruffle	8	1	0.23	0.2055	LOC_00000523
GO:0009897	external side of plasma membrane	8	1	0.23	0.2055	LOC_00000351
GO:0031011	Ino80 complex	8	1	0.23	0.2055	LOC_00000410
GO:0016363	nuclear matrix	9	1	0.26	0.2280	LOC_00000410
GO:0005791	rough endoplasmic reticulum	9	1	0.26	0.2280	LOC_00000197
GO:0048188	Set1C/COMPASS complex	10	1	0.28	0.2499	LOC_00000273
GO:1905370	serine-type endopeptidase complex	10	1	0.28	0.2499	LOC_00000351
GO:0030175	filopodium	10	1	0.28	0.2499	LOC_00000523
GO:0005604	basement membrane	10	1	0.28	0.2499	LOC_00000286
GO:0030027	lamellipodium	10	1	0.28	0.2499	LOC_00000475
GO:0005680	anaphase-promoting complex	10	1	0.28	0.2499	LOC_00000487
GO:0005634	nucleus	2401	73	68.04	0.2565	LOC_00000149;LOC_00000157;LOC_00000164;LOC_00000171;LOC_00000198;LOC_00000207;LOC_00000212;LOC_00000223;LOC_00000248;LOC_00000258;LOC_00000264;LOC_00000272;LOC_00000273;LOC_00000277;LOC_00000290;LOC_00000294;LOC_00000305;LOC_00000308;LOC_00000310;LOC_00000313;LOC_00000314;LOC_00000316;LOC_00000320;LOC_00000323;LOC_00000324;LOC_00000328;LOC_00000357;LOC_00000382;LOC_00000393;LOC_00000394;LOC_00000395;LOC_00000397;LOC_00000401;LOC_00000403;LOC_00000404;LOC_00000405;LOC_00000407;LOC_00000410;LOC_00000412;LOC_00000413;LOC_00000415;LOC_00000419;LOC_00000420;LOC_00000421;LOC_00000422;LOC_00000424;LOC_00000425;LOC_00000426;LOC_00000427;LOC_00000436;LOC_00000439;LOC_00000440;LOC_00000441;LOC_00000442;LOC_00000443;LOC_00000444;LOC_00000446;LOC_00000447;LOC_00000448;LOC_00000449;LOC_00000450;LOC_00000456;LOC_00000458;LOC_00000470;LOC_00000471;LOC_00000477;LOC_00000478;LOC_00000479;LOC_00000481;LOC_00000487;LOC_00000520;LOC_00000526;LOC_00000539
GO:0000139	Golgi membrane	95	4	2.69	0.2827	LOC_00000214;LOC_00000461;LOC_00000531;LOC_00000536
GO:0016323	basolateral plasma membrane	12	1	0.34	0.2919	LOC_00000335
GO:0005576	extracellular region	629	25	17.82	0.3177	LOC_00000163;LOC_00000282;LOC_00000291;LOC_00000336;LOC_00000337;LOC_00000338;LOC_00000339;LOC_00000341;LOC_00000342;LOC_00000343;LOC_00000350;LOC_00000351;LOC_00000380;LOC_00000381;LOC_00000398;LOC_00000399;LOC_00000400;LOC_00000452;LOC_00000469;LOC_00000504;LOC_00000505;LOC_00000523;LOC_00000535;LOC_00000540;LOC_00000541
GO:0005774	vacuolar membrane	45	2	1.28	0.3660	LOC_00000434;LOC_00000435
GO:0031901	early endosome membrane	16	1	0.45	0.3689	LOC_00000382
GO:0012505	endomembrane system	758	35	21.48	0.3793	LOC_00000149;LOC_00000197;LOC_00000214;LOC_00000249;LOC_00000283;LOC_00000333;LOC_00000361;LOC_00000382;LOC_00000385;LOC_00000389;LOC_00000390;LOC_00000391;LOC_00000392;LOC_00000416;LOC_00000454;LOC_00000461;LOC_00000472;LOC_00000497;LOC_00000509;LOC_00000510;LOC_00000511;LOC_00000512;LOC_00000513;LOC_00000514;LOC_00000515;LOC_00000516;LOC_00000517;LOC_00000518;LOC_00000519;LOC_00000521;LOC_00000522;LOC_00000523;LOC_00000524;LOC_00000531;LOC_00000536
GO:0005912	adherens junction	17	1	0.48	0.3868	LOC_00000491
GO:0030136	clathrin-coated vesicle	19	1	0.54	0.4212	LOC_00000382
GO:0016324	apical plasma membrane	20	1	0.57	0.4376	LOC_00000523
GO:0045211	postsynaptic membrane	20	1	0.57	0.4376	LOC_00000461
GO:0042995	cell projection	227	4	6.43	0.4414	LOC_00000254;LOC_00000461;LOC_00000475;LOC_00000523
GO:0005802	trans-Golgi network	21	1	0.6	0.4536	LOC_00000382
GO:0043229	intracellular organelle	4274	121	121.11	0.4665	LOC_00000149;LOC_00000157;LOC_00000164;LOC_00000171;LOC_00000197;LOC_00000198;LOC_00000207;LOC_00000208;LOC_00000212;LOC_00000214;LOC_00000223;LOC_00000226;LOC_00000248;LOC_00000249;LOC_00000258;LOC_00000259;LOC_00000263;LOC_00000264;LOC_00000267;LOC_00000272;LOC_00000273;LOC_00000277;LOC_00000283;LOC_00000290;LOC_00000294;LOC_00000305;LOC_00000308;LOC_00000310;LOC_00000313;LOC_00000314;LOC_00000316;LOC_00000320;LOC_00000323;LOC_00000324;LOC_00000327;LOC_00000328;LOC_00000333;LOC_00000334;LOC_00000340;LOC_00000357;LOC_00000361;LOC_00000368;LOC_00000370;LOC_00000382;LOC_00000385;LOC_00000389;LOC_00000390;LOC_00000391;LOC_00000392;LOC_00000393;LOC_00000394;LOC_00000395;LOC_00000397;LOC_00000401;LOC_00000402;LOC_00000403;LOC_00000404;LOC_00000405;LOC_00000407;LOC_00000410;LOC_00000412;LOC_00000413;LOC_00000415;LOC_00000416;LOC_00000418;LOC_00000419;LOC_00000420;LOC_00000421;LOC_00000422;LOC_00000424;LOC_00000425;LOC_00000426;LOC_00000427;LOC_00000434;LOC_00000435;LOC_00000436;LOC_00000439;LOC_00000440;LOC_00000441;LOC_00000442;LOC_00000443;LOC_00000444;LOC_00000446;LOC_00000447;LOC_00000448;LOC_00000449;LOC_00000450;LOC_00000454;LOC_00000456;LOC_00000458;LOC_00000461;LOC_00000470;LOC_00000471;LOC_00000472;LOC_00000477;LOC_00000478;LOC_00000479;LOC_00000481;LOC_00000487;LOC_00000490;LOC_00000497;LOC_00000509;LOC_00000510;LOC_00000511;LOC_00000512;LOC_00000513;LOC_00000514;LOC_00000515;LOC_00000516;LOC_00000517;LOC_00000518;LOC_00000519;LOC_00000520;LOC_00000521;LOC_00000522;LOC_00000524;LOC_00000526;LOC_00000531;LOC_00000536;LOC_00000539;LOC_00000544
GO:0005581	collagen trimer	22	1	0.62	0.4691	LOC_00000351
GO:0030286	dynein complex	56	2	1.59	0.4741	LOC_00000226;LOC_00000490
GO:0005813	centrosome	56	2	1.59	0.4741	LOC_00000267;LOC_00000382
GO:0016020	membrane	3995	127	113.2	0.4909	LOC_00000149;LOC_00000154;LOC_00000155;LOC_00000158;LOC_00000159;LOC_00000161;LOC_00000162;LOC_00000168;LOC_00000169;LOC_00000170;LOC_00000172;LOC_00000173;LOC_00000174;LOC_00000175;LOC_00000176;LOC_00000178;LOC_00000194;LOC_00000203;LOC_00000204;LOC_00000205;LOC_00000206;LOC_00000208;LOC_00000211;LOC_00000213;LOC_00000214;LOC_00000216;LOC_00000218;LOC_00000219;LOC_00000227;LOC_00000228;LOC_00000229;LOC_00000230;LOC_00000231;LOC_00000233;LOC_00000234;LOC_00000235;LOC_00000236;LOC_00000237;LOC_00000244;LOC_00000247;LOC_00000249;LOC_00000250;LOC_00000252;LOC_00000253;LOC_00000256;LOC_00000260;LOC_00000261;LOC_00000262;LOC_00000263;LOC_00000268;LOC_00000274;LOC_00000285;LOC_00000286;LOC_00000293;LOC_00000297;LOC_00000298;LOC_00000299;LOC_00000300;LOC_00000307;LOC_00000312;LOC_00000318;LOC_00000335;LOC_00000343;LOC_00000345;LOC_00000346;LOC_00000347;LOC_00000348;LOC_00000350;LOC_00000351;LOC_00000352;LOC_00000354;LOC_00000355;LOC_00000356;LOC_00000361;LOC_00000366;LOC_00000368;LOC_00000372;LOC_00000380;LOC_00000382;LOC_00000389;LOC_00000390;LOC_00000391;LOC_00000392;LOC_00000409;LOC_00000416;LOC_00000423;LOC_00000429;LOC_00000431;LOC_00000432;LOC_00000433;LOC_00000434;LOC_00000435;LOC_00000438;LOC_00000453;LOC_00000454;LOC_00000455;LOC_00000460;LOC_00000461;LOC_00000465;LOC_00000466;LOC_00000473;LOC_00000474;LOC_00000492;LOC_00000493;LOC_00000495;LOC_00000497;LOC_00000506;LOC_00000507;LOC_00000508;LOC_00000509;LOC_00000510;LOC_00000511;LOC_00000512;LOC_00000513;LOC_00000514;LOC_00000515;LOC_00000516;LOC_00000517;LOC_00000518;LOC_00000519;LOC_00000521;LOC_00000522;LOC_00000523;LOC_00000524;LOC_00000531;LOC_00000536;LOC_00000538
GO:0016592	mediator complex	27	1	0.77	0.5403	LOC_00000478
GO:0043231	intracellular membrane-bounded organelle	3578	112	101.39	0.5409	LOC_00000149;LOC_00000157;LOC_00000164;LOC_00000171;LOC_00000197;LOC_00000198;LOC_00000207;LOC_00000208;LOC_00000212;LOC_00000214;LOC_00000223;LOC_00000248;LOC_00000249;LOC_00000258;LOC_00000259;LOC_00000263;LOC_00000264;LOC_00000272;LOC_00000273;LOC_00000277;LOC_00000283;LOC_00000290;LOC_00000294;LOC_00000305;LOC_00000308;LOC_00000310;LOC_00000313;LOC_00000314;LOC_00000316;LOC_00000320;LOC_00000323;LOC_00000324;LOC_00000328;LOC_00000333;LOC_00000334;LOC_00000357;LOC_00000361;LOC_00000368;LOC_00000382;LOC_00000385;LOC_00000389;LOC_00000390;LOC_00000391;LOC_00000392;LOC_00000393;LOC_00000394;LOC_00000395;LOC_00000397;LOC_00000401;LOC_00000403;LOC_00000404;LOC_00000405;LOC_00000407;LOC_00000410;LOC_00000412;LOC_00000413;LOC_00000415;LOC_00000416;LOC_00000419;LOC_00000420;LOC_00000421;LOC_00000422;LOC_00000424;LOC_00000425;LOC_00000426;LOC_00000427;LOC_00000434;LOC_00000435;LOC_00000436;LOC_00000439;LOC_00000440;LOC_00000441;LOC_00000442;LOC_00000443;LOC_00000444;LOC_00000446;LOC_00000447;LOC_00000448;LOC_00000449;LOC_00000450;LOC_00000454;LOC_00000456;LOC_00000458;LOC_00000461;LOC_00000470;LOC_00000471;LOC_00000472;LOC_00000477;LOC_00000478;LOC_00000479;LOC_00000481;LOC_00000487;LOC_00000497;LOC_00000509;LOC_00000510;LOC_00000511;LOC_00000512;LOC_00000513;LOC_00000514;LOC_00000515;LOC_00000516;LOC_00000517;LOC_00000518;LOC_00000519;LOC_00000520;LOC_00000521;LOC_00000522;LOC_00000524;LOC_00000526;LOC_00000531;LOC_00000536;LOC_00000539
GO:0016459	myosin complex	28	1	0.79	0.5534	LOC_00000340
GO:0031514	motile cilium	34	2	0.96	0.5771	LOC_00000254;LOC_00000523
GO:0005770	late endosome	30	1	0.85	0.5784	LOC_00000385
GO:0034703	cation channel complex	40	3	1.13	0.6107	LOC_00000432;LOC_00000493;LOC_00000495
GO:0016607	nuclear speck	36	1	1.02	0.6454	LOC_00000479
GO:0005654	nucleoplasm	178	6	5.04	0.6458	LOC_00000273;LOC_00000310;LOC_00000382;LOC_00000410;LOC_00000458;LOC_00000479
GO:0048471	perinuclear region of cytoplasm	39	1	1.11	0.6749	LOC_00000523
GO:0005794	Golgi apparatus	215	8	6.09	0.6819	LOC_00000214;LOC_00000333;LOC_00000382;LOC_00000416;LOC_00000461;LOC_00000472;LOC_00000531;LOC_00000536
GO:0010008	endosome membrane	56	2	1.59	0.6833	LOC_00000382;LOC_00000461
GO:0005635	nuclear envelope	55	1	1.56	0.7952	LOC_00000149
GO:0005667	transcription regulator complex	60	1	1.7	0.8228	LOC_00000410
GO:0005777	peroxisome	69	1	1.96	0.8635	LOC_00000259
GO:0005874	microtubule	127	2	3.6	0.8796	LOC_00000226;LOC_00000490
GO:0005743	mitochondrial inner membrane	137	2	3.88	0.9044	LOC_00000263;LOC_00000368
GO:0005829	cytosol	237	4	6.72	0.9084	LOC_00000197;LOC_00000310;LOC_00000382;LOC_00000472
GO:0005681	spliceosomal complex	86	1	2.44	0.9166	LOC_00000320
GO:0005739	mitochondrion	416	5	11.79	0.9614	LOC_00000208;LOC_00000259;LOC_00000263;LOC_00000334;LOC_00000368
GO:0005694	chromosome	272	5	7.71	0.9643	LOC_00000198;LOC_00000212;LOC_00000310;LOC_00000410;LOC_00000436
GO:1990904	ribonucleoprotein complex	355	5	10.06	0.9717	LOC_00000197;LOC_00000320;LOC_00000323;LOC_00000458;LOC_00000470
GO:0005737	cytoplasm	2416	61	68.46	0.9749	LOC_00000197;LOC_00000198;LOC_00000208;LOC_00000209;LOC_00000214;LOC_00000224;LOC_00000225;LOC_00000226;LOC_00000249;LOC_00000259;LOC_00000263;LOC_00000270;LOC_00000280;LOC_00000283;LOC_00000287;LOC_00000297;LOC_00000310;LOC_00000325;LOC_00000327;LOC_00000333;LOC_00000334;LOC_00000340;LOC_00000358;LOC_00000359;LOC_00000360;LOC_00000361;LOC_00000368;LOC_00000382;LOC_00000385;LOC_00000389;LOC_00000390;LOC_00000391;LOC_00000392;LOC_00000410;LOC_00000416;LOC_00000434;LOC_00000435;LOC_00000454;LOC_00000461;LOC_00000469;LOC_00000472;LOC_00000481;LOC_00000490;LOC_00000497;LOC_00000509;LOC_00000510;LOC_00000511;LOC_00000512;LOC_00000513;LOC_00000514;LOC_00000515;LOC_00000516;LOC_00000517;LOC_00000518;LOC_00000519;LOC_00000521;LOC_00000522;LOC_00000523;LOC_00000524;LOC_00000531;LOC_00000536
GO:0042575	DNA polymerase complex	430	5	12.18	0.9947	LOC_00000217;LOC_00000349;LOC_00000365;LOC_00000496;LOC_00000542
GO:0005840	ribosome	205	1	5.81	0.9974	LOC_00000197
GO:0032991	protein-containing complex	1842	28	52.2	0.9983	LOC_00000197;LOC_00000217;LOC_00000226;LOC_00000265;LOC_00000273;LOC_00000283;LOC_00000297;LOC_00000310;LOC_00000320;LOC_00000323;LOC_00000340;LOC_00000349;LOC_00000351;LOC_00000365;LOC_00000410;LOC_00000416;LOC_00000417;LOC_00000432;LOC_00000436;LOC_00000458;LOC_00000470;LOC_00000478;LOC_00000487;LOC_00000490;LOC_00000493;LOC_00000495;LOC_00000496;LOC_00000542
GO:0005815	microtubule organizing center	83	2	2.35	1.0000	LOC_00000267;LOC_00000382
GO:0098796	membrane protein complex	194	4	5.5	1.0000	LOC_00000297;LOC_00000432;LOC_00000493;LOC_00000495
GO:0030135	coated vesicle	41	1	1.16	1.0000	LOC_00000382
GO:0098858	actin-based cell projection	15	1	0.43	1.0000	LOC_00000523
GO:0098797	plasma membrane protein complex	45	3	1.28	1.0000	LOC_00000297;LOC_00000493;LOC_00000495
GO:0042175	nuclear outer membrane-endoplasmic reticulum membrane network	297	23	8.42	1.0000	LOC_00000249;LOC_00000361;LOC_00000389;LOC_00000390;LOC_00000391;LOC_00000392;LOC_00000454;LOC_00000461;LOC_00000497;LOC_00000509;LOC_00000510;LOC_00000511;LOC_00000512;LOC_00000513;LOC_00000514;LOC_00000515;LOC_00000516;LOC_00000517;LOC_00000518;LOC_00000519;LOC_00000521;LOC_00000522;LOC_00000524
GO:1903293	phosphatase complex	7	1	0.2	1.0000	LOC_00000417
GO:0005622	intracellular anatomical structure	4856	134	137.6	1.0000	LOC_00000149;LOC_00000157;LOC_00000164;LOC_00000171;LOC_00000197;LOC_00000198;LOC_00000207;LOC_00000208;LOC_00000209;LOC_00000212;LOC_00000214;LOC_00000223;LOC_00000224;LOC_00000225;LOC_00000226;LOC_00000248;LOC_00000249;LOC_00000258;LOC_00000259;LOC_00000263;LOC_00000264;LOC_00000267;LOC_00000270;LOC_00000272;LOC_00000273;LOC_00000277;LOC_00000280;LOC_00000283;LOC_00000287;LOC_00000290;LOC_00000294;LOC_00000297;LOC_00000305;LOC_00000308;LOC_00000310;LOC_00000313;LOC_00000314;LOC_00000316;LOC_00000320;LOC_00000323;LOC_00000324;LOC_00000325;LOC_00000327;LOC_00000328;LOC_00000333;LOC_00000334;LOC_00000340;LOC_00000357;LOC_00000358;LOC_00000359;LOC_00000360;LOC_00000361;LOC_00000368;LOC_00000370;LOC_00000382;LOC_00000385;LOC_00000389;LOC_00000390;LOC_00000391;LOC_00000392;LOC_00000393;LOC_00000394;LOC_00000395;LOC_00000397;LOC_00000401;LOC_00000402;LOC_00000403;LOC_00000404;LOC_00000405;LOC_00000407;LOC_00000410;LOC_00000412;LOC_00000413;LOC_00000415;LOC_00000416;LOC_00000418;LOC_00000419;LOC_00000420;LOC_00000421;LOC_00000422;LOC_00000424;LOC_00000425;LOC_00000426;LOC_00000427;LOC_00000434;LOC_00000435;LOC_00000436;LOC_00000439;LOC_00000440;LOC_00000441;LOC_00000442;LOC_00000443;LOC_00000444;LOC_00000446;LOC_00000447;LOC_00000448;LOC_00000449;LOC_00000450;LOC_00000454;LOC_00000456;LOC_00000458;LOC_00000461;LOC_00000469;LOC_00000470;LOC_00000471;LOC_00000472;LOC_00000477;LOC_00000478;LOC_00000479;LOC_00000481;LOC_00000487;LOC_00000490;LOC_00000497;LOC_00000509;LOC_00000510;LOC_00000511;LOC_00000512;LOC_00000513;LOC_00000514;LOC_00000515;LOC_00000516;LOC_00000517;LOC_00000518;LOC_00000519;LOC_00000520;LOC_00000521;LOC_00000522;LOC_00000523;LOC_00000524;LOC_00000526;LOC_00000531;LOC_00000536;LOC_00000539;LOC_00000544
GO:0045202	synapse	92	1	2.61	1.0000	LOC_00000461
GO:0110165	cellular anatomical entity	8431	247	238.9	1.0000	LOC_00000149;LOC_00000154;LOC_00000155;LOC_00000157;LOC_00000158;LOC_00000159;LOC_00000161;LOC_00000162;LOC_00000163;LOC_00000164;LOC_00000168;LOC_00000169;LOC_00000170;LOC_00000171;LOC_00000172;LOC_00000173;LOC_00000174;LOC_00000175;LOC_00000176;LOC_00000178;LOC_00000194;LOC_00000197;LOC_00000198;LOC_00000203;LOC_00000204;LOC_00000205;LOC_00000206;LOC_00000207;LOC_00000208;LOC_00000209;LOC_00000211;LOC_00000212;LOC_00000213;LOC_00000214;LOC_00000216;LOC_00000218;LOC_00000219;LOC_00000223;LOC_00000224;LOC_00000225;LOC_00000226;LOC_00000227;LOC_00000228;LOC_00000229;LOC_00000230;LOC_00000231;LOC_00000233;LOC_00000234;LOC_00000235;LOC_00000236;LOC_00000237;LOC_00000244;LOC_00000247;LOC_00000248;LOC_00000249;LOC_00000250;LOC_00000252;LOC_00000253;LOC_00000254;LOC_00000256;LOC_00000258;LOC_00000259;LOC_00000260;LOC_00000261;LOC_00000262;LOC_00000263;LOC_00000264;LOC_00000267;LOC_00000268;LOC_00000270;LOC_00000272;LOC_00000273;LOC_00000274;LOC_00000277;LOC_00000280;LOC_00000282;LOC_00000283;LOC_00000285;LOC_00000286;LOC_00000287;LOC_00000290;LOC_00000291;LOC_00000293;LOC_00000294;LOC_00000297;LOC_00000298;LOC_00000299;LOC_00000300;LOC_00000305;LOC_00000307;LOC_00000308;LOC_00000310;LOC_00000312;LOC_00000313;LOC_00000314;LOC_00000316;LOC_00000318;LOC_00000320;LOC_00000323;LOC_00000324;LOC_00000325;LOC_00000327;LOC_00000328;LOC_00000333;LOC_00000334;LOC_00000335;LOC_00000336;LOC_00000337;LOC_00000338;LOC_00000339;LOC_00000340;LOC_00000341;LOC_00000342;LOC_00000343;LOC_00000345;LOC_00000346;LOC_00000347;LOC_00000348;LOC_00000350;LOC_00000351;LOC_00000352;LOC_00000354;LOC_00000355;LOC_00000356;LOC_00000357;LOC_00000358;LOC_00000359;LOC_00000360;LOC_00000361;LOC_00000366;LOC_00000368;LOC_00000370;LOC_00000372;LOC_00000380;LOC_00000381;LOC_00000382;LOC_00000385;LOC_00000389;LOC_00000390;LOC_00000391;LOC_00000392;LOC_00000393;LOC_00000394;LOC_00000395;LOC_00000397;LOC_00000398;LOC_00000399;LOC_00000400;LOC_00000401;LOC_00000402;LOC_00000403;LOC_00000404;LOC_00000405;LOC_00000407;LOC_00000409;LOC_00000410;LOC_00000412;LOC_00000413;LOC_00000415;LOC_00000416;LOC_00000418;LOC_00000419;LOC_00000420;LOC_00000421;LOC_00000422;LOC_00000423;LOC_00000424;LOC_00000425;LOC_00000426;LOC_00000427;LOC_00000429;LOC_00000431;LOC_00000432;LOC_00000433;LOC_00000434;LOC_00000435;LOC_00000436;LOC_00000438;LOC_00000439;LOC_00000440;LOC_00000441;LOC_00000442;LOC_00000443;LOC_00000444;LOC_00000446;LOC_00000447;LOC_00000448;LOC_00000449;LOC_00000450;LOC_00000452;LOC_00000453;LOC_00000454;LOC_00000455;LOC_00000456;LOC_00000458;LOC_00000460;LOC_00000461;LOC_00000465;LOC_00000466;LOC_00000469;LOC_00000470;LOC_00000471;LOC_00000472;LOC_00000473;LOC_00000474;LOC_00000475;LOC_00000477;LOC_00000478;LOC_00000479;LOC_00000481;LOC_00000487;LOC_00000490;LOC_00000491;LOC_00000492;LOC_00000493;LOC_00000495;LOC_00000497;LOC_00000504;LOC_00000505;LOC_00000506;LOC_00000507;LOC_00000508;LOC_00000509;LOC_00000510;LOC_00000511;LOC_00000512;LOC_00000513;LOC_00000514;LOC_00000515;LOC_00000516;LOC_00000517;LOC_00000518;LOC_00000519;LOC_00000520;LOC_00000521;LOC_00000522;LOC_00000523;LOC_00000524;LOC_00000526;LOC_00000531;LOC_00000535;LOC_00000536;LOC_00000538;LOC_00000539;LOC_00000540;LOC_00000541;LOC_00000544
GO:0009925	basal plasma membrane	12	1	0.34	1.0000	LOC_00000335
GO:0034399	nuclear periphery	11	1	0.31	1.0000	LOC_00000410
GO:0097346	INO80-type complex	9	1	0.26	1.0000	LOC_00000410
GO:0031410	cytoplasmic vesicle	202	3	5.72	1.0000	LOC_00000382;LOC_00000385;LOC_00000461
GO:0005783	endoplasmic reticulum	395	24	11.19	1.0000	LOC_00000197;LOC_00000249;LOC_00000361;LOC_00000389;LOC_00000390;LOC_00000391;LOC_00000392;LOC_00000454;LOC_00000461;LOC_00000497;LOC_00000509;LOC_00000510;LOC_00000511;LOC_00000512;LOC_00000513;LOC_00000514;LOC_00000515;LOC_00000516;LOC_00000517;LOC_00000518;LOC_00000519;LOC_00000521;LOC_00000522;LOC_00000524
GO:0140513	nuclear protein-containing complex	329	8	9.32	1.0000	LOC_00000273;LOC_00000310;LOC_00000320;LOC_00000410;LOC_00000436;LOC_00000458;LOC_00000478;LOC_00000487
GO:0031981	nuclear lumen	311	12	8.81	1.0000	LOC_00000207;LOC_00000273;LOC_00000305;LOC_00000308;LOC_00000310;LOC_00000320;LOC_00000382;LOC_00000410;LOC_00000458;LOC_00000470;LOC_00000479;LOC_00000520
GO:0031982	vesicle	219	3	6.21	1.0000	LOC_00000382;LOC_00000385;LOC_00000461
GO:0031984	organelle subcompartment	333	24	9.44	1.0000	LOC_00000249;LOC_00000361;LOC_00000382;LOC_00000389;LOC_00000390;LOC_00000391;LOC_00000392;LOC_00000454;LOC_00000461;LOC_00000497;LOC_00000509;LOC_00000510;LOC_00000511;LOC_00000512;LOC_00000513;LOC_00000514;LOC_00000515;LOC_00000516;LOC_00000517;LOC_00000518;LOC_00000519;LOC_00000521;LOC_00000522;LOC_00000524
GO:0098590	plasma membrane region	75	3	2.13	1.0000	LOC_00000335;LOC_00000461;LOC_00000523
GO:0043226	organelle	4331	123	122.73	1.0000	LOC_00000149;LOC_00000157;LOC_00000164;LOC_00000171;LOC_00000197;LOC_00000198;LOC_00000207;LOC_00000208;LOC_00000212;LOC_00000214;LOC_00000223;LOC_00000226;LOC_00000248;LOC_00000249;LOC_00000254;LOC_00000258;LOC_00000259;LOC_00000263;LOC_00000264;LOC_00000267;LOC_00000272;LOC_00000273;LOC_00000277;LOC_00000283;LOC_00000290;LOC_00000294;LOC_00000305;LOC_00000308;LOC_00000310;LOC_00000313;LOC_00000314;LOC_00000316;LOC_00000320;LOC_00000323;LOC_00000324;LOC_00000327;LOC_00000328;LOC_00000333;LOC_00000334;LOC_00000340;LOC_00000357;LOC_00000361;LOC_00000368;LOC_00000370;LOC_00000382;LOC_00000385;LOC_00000389;LOC_00000390;LOC_00000391;LOC_00000392;LOC_00000393;LOC_00000394;LOC_00000395;LOC_00000397;LOC_00000401;LOC_00000402;LOC_00000403;LOC_00000404;LOC_00000405;LOC_00000407;LOC_00000410;LOC_00000412;LOC_00000413;LOC_00000415;LOC_00000416;LOC_00000418;LOC_00000419;LOC_00000420;LOC_00000421;LOC_00000422;LOC_00000424;LOC_00000425;LOC_00000426;LOC_00000427;LOC_00000434;LOC_00000435;LOC_00000436;LOC_00000439;LOC_00000440;LOC_00000441;LOC_00000442;LOC_00000443;LOC_00000444;LOC_00000446;LOC_00000447;LOC_00000448;LOC_00000449;LOC_00000450;LOC_00000454;LOC_00000456;LOC_00000458;LOC_00000461;LOC_00000470;LOC_00000471;LOC_00000472;LOC_00000477;LOC_00000478;LOC_00000479;LOC_00000481;LOC_00000487;LOC_00000490;LOC_00000497;LOC_00000509;LOC_00000510;LOC_00000511;LOC_00000512;LOC_00000513;LOC_00000514;LOC_00000515;LOC_00000516;LOC_00000517;LOC_00000518;LOC_00000519;LOC_00000520;LOC_00000521;LOC_00000522;LOC_00000523;LOC_00000524;LOC_00000526;LOC_00000531;LOC_00000536;LOC_00000539;LOC_00000544
GO:0043227	membrane-bounded organelle	3686	114	104.45	1.0000	LOC_00000149;LOC_00000157;LOC_00000164;LOC_00000171;LOC_00000197;LOC_00000198;LOC_00000207;LOC_00000208;LOC_00000212;LOC_00000214;LOC_00000223;LOC_00000248;LOC_00000249;LOC_00000254;LOC_00000258;LOC_00000259;LOC_00000263;LOC_00000264;LOC_00000272;LOC_00000273;LOC_00000277;LOC_00000283;LOC_00000290;LOC_00000294;LOC_00000305;LOC_00000308;LOC_00000310;LOC_00000313;LOC_00000314;LOC_00000316;LOC_00000320;LOC_00000323;LOC_00000324;LOC_00000328;LOC_00000333;LOC_00000334;LOC_00000357;LOC_00000361;LOC_00000368;LOC_00000382;LOC_00000385;LOC_00000389;LOC_00000390;LOC_00000391;LOC_00000392;LOC_00000393;LOC_00000394;LOC_00000395;LOC_00000397;LOC_00000401;LOC_00000403;LOC_00000404;LOC_00000405;LOC_00000407;LOC_00000410;LOC_00000412;LOC_00000413;LOC_00000415;LOC_00000416;LOC_00000419;LOC_00000420;LOC_00000421;LOC_00000422;LOC_00000424;LOC_00000425;LOC_00000426;LOC_00000427;LOC_00000434;LOC_00000435;LOC_00000436;LOC_00000439;LOC_00000440;LOC_00000441;LOC_00000442;LOC_00000443;LOC_00000444;LOC_00000446;LOC_00000447;LOC_00000448;LOC_00000449;LOC_00000450;LOC_00000454;LOC_00000456;LOC_00000458;LOC_00000461;LOC_00000470;LOC_00000471;LOC_00000472;LOC_00000477;LOC_00000478;LOC_00000479;LOC_00000481;LOC_00000487;LOC_00000497;LOC_00000509;LOC_00000510;LOC_00000511;LOC_00000512;LOC_00000513;LOC_00000514;LOC_00000515;LOC_00000516;LOC_00000517;LOC_00000518;LOC_00000519;LOC_00000520;LOC_00000521;LOC_00000522;LOC_00000523;LOC_00000524;LOC_00000526;LOC_00000531;LOC_00000536;LOC_00000539
GO:0043228	non-membrane-bounded organelle	1039	19	29.44	1.0000	LOC_00000197;LOC_00000198;LOC_00000207;LOC_00000212;LOC_00000226;LOC_00000267;LOC_00000305;LOC_00000308;LOC_00000310;LOC_00000320;LOC_00000327;LOC_00000340;LOC_00000382;LOC_00000410;LOC_00000436;LOC_00000458;LOC_00000470;LOC_00000490;LOC_00000520
GO:0071944	cell periphery	844	34	23.92	1.0000	LOC_00000154;LOC_00000155;LOC_00000158;LOC_00000172;LOC_00000173;LOC_00000174;LOC_00000175;LOC_00000176;LOC_00000233;LOC_00000286;LOC_00000297;LOC_00000312;LOC_00000335;LOC_00000341;LOC_00000343;LOC_00000345;LOC_00000346;LOC_00000347;LOC_00000348;LOC_00000350;LOC_00000351;LOC_00000352;LOC_00000354;LOC_00000355;LOC_00000366;LOC_00000455;LOC_00000461;LOC_00000466;LOC_00000493;LOC_00000495;LOC_00000506;LOC_00000507;LOC_00000508;LOC_00000523
GO:0060293	germ plasm	2	1	0.06	1.0000	LOC_00000327
GO:0005773	vacuole	67	2	1.9	1.0000	LOC_00000434;LOC_00000435
GO:0043005	neuron projection	70	1	1.98	1.0000	LOC_00000523
GO:0035097	histone methyltransferase complex	16	2	0.45	1.0000	LOC_00000273;LOC_00000310
GO:0031974	membrane-enclosed lumen	405	12	11.48	1.0000	LOC_00000207;LOC_00000273;LOC_00000305;LOC_00000308;LOC_00000310;LOC_00000320;LOC_00000382;LOC_00000410;LOC_00000458;LOC_00000470;LOC_00000479;LOC_00000520
GO:0099080	supramolecular complex	214	3	6.06	1.0000	LOC_00000226;LOC_00000327;LOC_00000490
GO:0099081	supramolecular polymer	164	2	4.65	1.0000	LOC_00000226;LOC_00000490
GO:0097729	9+2 motile cilium	4	1	0.11	1.0000	LOC_00000523
GO:1990234	transferase complex	629	8	17.82	1.0000	LOC_00000217;LOC_00000273;LOC_00000310;LOC_00000349;LOC_00000365;LOC_00000487;LOC_00000496;LOC_00000542
GO:0098827	endoplasmic reticulum subcompartment	295	23	8.36	1.0000	LOC_00000249;LOC_00000361;LOC_00000389;LOC_00000390;LOC_00000391;LOC_00000392;LOC_00000454;LOC_00000461;LOC_00000497;LOC_00000509;LOC_00000510;LOC_00000511;LOC_00000512;LOC_00000513;LOC_00000514;LOC_00000515;LOC_00000516;LOC_00000517;LOC_00000518;LOC_00000519;LOC_00000521;LOC_00000522;LOC_00000524
GO:0036464	cytoplasmic ribonucleoprotein granule	39	1	1.11	1.0000	LOC_00000327
GO:0016010	dystrophin-associated glycoprotein complex	8	1	0.23	1.0000	LOC_00000297
GO:0036126	sperm flagellum	3	1	0.09	1.0000	LOC_00000523
GO:0016011	dystroglycan complex	3	1	0.09	1.0000	LOC_00000297
GO:0140535	intracellular protein-containing complex	739	7	20.94	1.0000	LOC_00000217;LOC_00000265;LOC_00000349;LOC_00000365;LOC_00000487;LOC_00000496;LOC_00000542
GO:0019866	organelle inner membrane	144	2	4.08	1.0000	LOC_00000263;LOC_00000368
GO:0030659	cytoplasmic vesicle membrane	106	2	3	1.0000	LOC_00000382;LOC_00000461
GO:0005575	cellular_component	8999	255	255	1.0000	LOC_00000149;LOC_00000154;LOC_00000155;LOC_00000157;LOC_00000158;LOC_00000159;LOC_00000161;LOC_00000162;LOC_00000163;LOC_00000164;LOC_00000168;LOC_00000169;LOC_00000170;LOC_00000171;LOC_00000172;LOC_00000173;LOC_00000174;LOC_00000175;LOC_00000176;LOC_00000178;LOC_00000194;LOC_00000197;LOC_00000198;LOC_00000203;LOC_00000204;LOC_00000205;LOC_00000206;LOC_00000207;LOC_00000208;LOC_00000209;LOC_00000211;LOC_00000212;LOC_00000213;LOC_00000214;LOC_00000216;LOC_00000217;LOC_00000218;LOC_00000219;LOC_00000223;LOC_00000224;LOC_00000225;LOC_00000226;LOC_00000227;LOC_00000228;LOC_00000229;LOC_00000230;LOC_00000231;LOC_00000233;LOC_00000234;LOC_00000235;LOC_00000236;LOC_00000237;LOC_00000244;LOC_00000247;LOC_00000248;LOC_00000249;LOC_00000250;LOC_00000252;LOC_00000253;LOC_00000254;LOC_00000256;LOC_00000258;LOC_00000259;LOC_00000260;LOC_00000261;LOC_00000262;LOC_00000263;LOC_00000264;LOC_00000265;LOC_00000267;LOC_00000268;LOC_00000270;LOC_00000272;LOC_00000273;LOC_00000274;LOC_00000277;LOC_00000280;LOC_00000282;LOC_00000283;LOC_00000285;LOC_00000286;LOC_00000287;LOC_00000290;LOC_00000291;LOC_00000293;LOC_00000294;LOC_00000297;LOC_00000298;LOC_00000299;LOC_00000300;LOC_00000305;LOC_00000307;LOC_00000308;LOC_00000310;LOC_00000312;LOC_00000313;LOC_00000314;LOC_00000316;LOC_00000318;LOC_00000320;LOC_00000323;LOC_00000324;LOC_00000325;LOC_00000327;LOC_00000328;LOC_00000333;LOC_00000334;LOC_00000335;LOC_00000336;LOC_00000337;LOC_00000338;LOC_00000339;LOC_00000340;LOC_00000341;LOC_00000342;LOC_00000343;LOC_00000345;LOC_00000346;LOC_00000347;LOC_00000348;LOC_00000349;LOC_00000350;LOC_00000351;LOC_00000352;LOC_00000354;LOC_00000355;LOC_00000356;LOC_00000357;LOC_00000358;LOC_00000359;LOC_00000360;LOC_00000361;LOC_00000365;LOC_00000366;LOC_00000368;LOC_00000370;LOC_00000372;LOC_00000380;LOC_00000381;LOC_00000382;LOC_00000385;LOC_00000389;LOC_00000390;LOC_00000391;LOC_00000392;LOC_00000393;LOC_00000394;LOC_00000395;LOC_00000397;LOC_00000398;LOC_00000399;LOC_00000400;LOC_00000401;LOC_00000402;LOC_00000403;LOC_00000404;LOC_00000405;LOC_00000407;LOC_00000409;LOC_00000410;LOC_00000412;LOC_00000413;LOC_00000415;LOC_00000416;LOC_00000417;LOC_00000418;LOC_00000419;LOC_00000420;LOC_00000421;LOC_00000422;LOC_00000423;LOC_00000424;LOC_00000425;LOC_00000426;LOC_00000427;LOC_00000429;LOC_00000431;LOC_00000432;LOC_00000433;LOC_00000434;LOC_00000435;LOC_00000436;LOC_00000438;LOC_00000439;LOC_00000440;LOC_00000441;LOC_00000442;LOC_00000443;LOC_00000444;LOC_00000446;LOC_00000447;LOC_00000448;LOC_00000449;LOC_00000450;LOC_00000452;LOC_00000453;LOC_00000454;LOC_00000455;LOC_00000456;LOC_00000458;LOC_00000460;LOC_00000461;LOC_00000465;LOC_00000466;LOC_00000469;LOC_00000470;LOC_00000471;LOC_00000472;LOC_00000473;LOC_00000474;LOC_00000475;LOC_00000477;LOC_00000478;LOC_00000479;LOC_00000481;LOC_00000487;LOC_00000488;LOC_00000490;LOC_00000491;LOC_00000492;LOC_00000493;LOC_00000495;LOC_00000496;LOC_00000497;LOC_00000504;LOC_00000505;LOC_00000506;LOC_00000507;LOC_00000508;LOC_00000509;LOC_00000510;LOC_00000511;LOC_00000512;LOC_00000513;LOC_00000514;LOC_00000515;LOC_00000516;LOC_00000517;LOC_00000518;LOC_00000519;LOC_00000520;LOC_00000521;LOC_00000522;LOC_00000523;LOC_00000524;LOC_00000526;LOC_00000531;LOC_00000535;LOC_00000536;LOC_00000538;LOC_00000539;LOC_00000540;LOC_00000541;LOC_00000542;LOC_00000544
GO:0042579	microbody	69	1	1.96	1.0000	LOC_00000259
GO:1902494	catalytic complex	881	15	24.96	1.0000	LOC_00000217;LOC_00000226;LOC_00000265;LOC_00000273;LOC_00000310;LOC_00000349;LOC_00000351;LOC_00000365;LOC_00000410;LOC_00000417;LOC_00000436;LOC_00000487;LOC_00000490;LOC_00000496;LOC_00000542
GO:1902495	transmembrane transporter complex	84	3	2.38	1.0000	LOC_00000432;LOC_00000493;LOC_00000495
GO:0043232	intracellular non-membrane-bounded organelle	1039	19	29.44	1.0000	LOC_00000197;LOC_00000198;LOC_00000207;LOC_00000212;LOC_00000226;LOC_00000267;LOC_00000305;LOC_00000308;LOC_00000310;LOC_00000320;LOC_00000327;LOC_00000340;LOC_00000382;LOC_00000410;LOC_00000436;LOC_00000458;LOC_00000470;LOC_00000490;LOC_00000520
GO:0043233	organelle lumen	405	12	11.48	1.0000	LOC_00000207;LOC_00000273;LOC_00000305;LOC_00000308;LOC_00000310;LOC_00000320;LOC_00000382;LOC_00000410;LOC_00000458;LOC_00000470;LOC_00000479;LOC_00000520
GO:0005902	microvillus	4	1	0.11	1.0000	LOC_00000523
GO:0032420	stereocilium	3	1	0.09	1.0000	LOC_00000523
GO:0005903	brush border	4	1	0.11	1.0000	LOC_00000523
GO:0032421	stereocilium bundle	6	1	0.17	1.0000	LOC_00000523
GO:0030054	cell junction	136	2	3.85	1.0000	LOC_00000461;LOC_00000491
GO:0030684	preribosome	26	1	0.74	1.0000	LOC_00000458
GO:0099023	vesicle tethering complex	27	1	0.77	1.0000	LOC_00000416
GO:0030686	90S preribosome	8	1	0.23	1.0000	LOC_00000458
GO:0005740	mitochondrial envelope	189	2	5.36	1.0000	LOC_00000263;LOC_00000368
GO:0061695	transferase complex, transferring phosphorus-containing groups	497	5	14.08	1.0000	LOC_00000217;LOC_00000349;LOC_00000365;LOC_00000496;LOC_00000542
GO:0070013	intracellular organelle lumen	405	12	11.48	1.0000	LOC_00000207;LOC_00000273;LOC_00000305;LOC_00000308;LOC_00000310;LOC_00000320;LOC_00000382;LOC_00000410;LOC_00000458;LOC_00000470;LOC_00000479;LOC_00000520
GO:1904949	ATPase complex	39	3	1.11	1.0000	LOC_00000310;LOC_00000410;LOC_00000436
GO:0044665	MLL1/2 complex	3	1	0.09	1.0000	LOC_00000310
GO:0098552	side of membrane	61	1	1.73	1.0000	LOC_00000351
GO:0090665	glycoprotein complex	8	1	0.23	1.0000	LOC_00000297
GO:0120025	plasma membrane bounded cell projection	207	3	5.87	1.0000	LOC_00000254;LOC_00000475;LOC_00000523
GO:0000228	nuclear chromosome	32	1	0.91	1.0000	LOC_00000410
GO:0031461	cullin-RING ubiquitin ligase complex	48	1	1.36	1.0000	LOC_00000487
GO:0030312	external encapsulating structure	83	5	2.35	1.0000	LOC_00000286;LOC_00000341;LOC_00000343;LOC_00000350;LOC_00000351
GO:0005856	cytoskeleton	398	5	11.28	1.0000	LOC_00000226;LOC_00000267;LOC_00000340;LOC_00000382;LOC_00000490
GO:0045495	pole plasm	3	1	0.09	1.0000	LOC_00000327
GO:0000151	ubiquitin ligase complex	63	1	1.79	1.0000	LOC_00000487
GO:0000152	nuclear ubiquitin ligase complex	14	1	0.4	1.0000	LOC_00000487
GO:0098588	bounding membrane of organelle	262	7	7.42	1.0000	LOC_00000214;LOC_00000382;LOC_00000434;LOC_00000435;LOC_00000461;LOC_00000531;LOC_00000536
GO:0097060	synaptic membrane	21	1	0.6	1.0000	LOC_00000461
GO:0034702	monoatomic ion channel complex	60	3	1.7	1.0000	LOC_00000432;LOC_00000493;LOC_00000495
GO:0034705	potassium channel complex	7	2	0.2	1.0000	LOC_00000493;LOC_00000495
GO:0015629	actin cytoskeleton	65	1	1.84	1.0000	LOC_00000340
GO:0016604	nuclear body	45	1	1.28	1.0000	LOC_00000479
GO:0031010	ISWI-type complex	6	2	0.17	1.0000	LOC_00000310;LOC_00000436
GO:0034708	methyltransferase complex	19	2	0.54	1.0000	LOC_00000273;LOC_00000310
GO:0031012	extracellular matrix	83	5	2.35	1.0000	LOC_00000286;LOC_00000341;LOC_00000343;LOC_00000350;LOC_00000351
GO:0005875	microtubule associated complex	66	2	1.87	1.0000	LOC_00000226;LOC_00000490
GO:0045177	apical part of cell	29	1	0.82	1.0000	LOC_00000523
GO:0045178	basal part of cell	12	1	0.34	1.0000	LOC_00000335
GO:0008287	protein serine/threonine phosphatase complex	7	1	0.2	1.0000	LOC_00000417
GO:0098862	cluster of actin-based cell projections	9	1	0.26	1.0000	LOC_00000523
GO:0097708	intracellular vesicle	202	3	5.72	1.0000	LOC_00000382;LOC_00000385;LOC_00000461
GO:0099512	supramolecular fiber	164	2	4.65	1.0000	LOC_00000226;LOC_00000490
GO:0099513	polymeric cytoskeletal fiber	141	2	4	1.0000	LOC_00000226;LOC_00000490
GO:0005929	cilium	117	2	3.32	1.0000	LOC_00000254;LOC_00000523
GO:0031252	cell leading edge	23	2	0.65	1.0000	LOC_00000475;LOC_00000523
GO:1905286	serine-type peptidase complex	10	1	0.28	1.0000	LOC_00000351
GO:1990351	transporter complex	84	3	2.38	1.0000	LOC_00000432;LOC_00000493;LOC_00000495
GO:0009986	cell surface	15	1	0.43	1.0000	LOC_00000351
GO:0031253	cell projection membrane	19	1	0.54	1.0000	LOC_00000523
GO:0035770	ribonucleoprotein granule	39	1	1.11	1.0000	LOC_00000327
GO:0012506	vesicle membrane	109	2	3.09	1.0000	LOC_00000382;LOC_00000461
GO:0070603	SWI/SNF superfamily-type complex	24	3	0.68	1.0000	LOC_00000310;LOC_00000410;LOC_00000436
GO:0005911	cell-cell junction	38	1	1.08	1.0000	LOC_00000491
GO:1905368	peptidase complex	76	1	2.15	1.0000	LOC_00000351
GO:0005768	endosome	112	3	3.17	1.0000	LOC_00000382;LOC_00000385;LOC_00000461
GO:1905369	endopeptidase complex	68	1	1.93	1.0000	LOC_00000351
GO:0031090	organelle membrane	708	31	20.06	1.0000	LOC_00000214;LOC_00000249;LOC_00000263;LOC_00000361;LOC_00000368;LOC_00000382;LOC_00000389;LOC_00000390;LOC_00000391;LOC_00000392;LOC_00000434;LOC_00000435;LOC_00000454;LOC_00000461;LOC_00000497;LOC_00000509;LOC_00000510;LOC_00000511;LOC_00000512;LOC_00000513;LOC_00000514;LOC_00000515;LOC_00000516;LOC_00000517;LOC_00000518;LOC_00000519;LOC_00000521;LOC_00000522;LOC_00000524;LOC_00000531;LOC_00000536
GO:0005769	early endosome	31	1	0.88	1.0000	LOC_00000382
GO:0031966	mitochondrial membrane	172	2	4.87	1.0000	LOC_00000263;LOC_00000368
GO:0070161	anchoring junction	54	1	1.53	1.0000	LOC_00000491
GO:0031967	organelle envelope	244	3	6.91	1.0000	LOC_00000149;LOC_00000263;LOC_00000368
GO:0015630	microtubule cytoskeleton	239	4	6.77	1.0000	LOC_00000226;LOC_00000267;LOC_00000382;LOC_00000490
GO:0000785	chromatin	135	4	3.83	1.0000	LOC_00000212;LOC_00000310;LOC_00000410;LOC_00000436
GO:0098791	Golgi apparatus subcompartment	38	1	1.08	1.0000	LOC_00000382
GO:0098793	presynapse	31	1	0.88	1.0000	LOC_00000461
GO:0098794	postsynapse	35	1	0.99	1.0000	LOC_00000461
GO:0000015	phosphopyruvate hydratase complex	1	0	0.03	1.0000	
GO:0000118	histone deacetylase complex	3	0	0.09	1.0000	
GO:0000120	RNA polymerase I transcription regulator complex	1	0	0.03	1.0000	
GO:0000123	histone acetyltransferase complex	25	0	0.71	1.0000	
GO:0000124	SAGA complex	8	0	0.23	1.0000	
GO:0000126	transcription factor TFIIIB complex	1	0	0.03	1.0000	
GO:0000127	transcription factor TFIIIC complex	2	0	0.06	1.0000	
GO:0000138	Golgi trans cisterna	1	0	0.03	1.0000	
GO:0000145	exocyst	7	0	0.2	1.0000	
GO:0000153	cytoplasmic ubiquitin ligase complex	2	0	0.06	1.0000	
GO:0000164	protein phosphatase type 1 complex	1	0	0.03	1.0000	
GO:0000172	ribonuclease MRP complex	4	0	0.11	1.0000	
GO:0000176	nuclear exosome (RNase complex)	2	0	0.06	1.0000	
GO:0000178	exosome (RNase complex)	12	0	0.34	1.0000	
GO:0000214	tRNA-intron endonuclease complex	2	0	0.06	1.0000	
GO:0000220	vacuolar proton-transporting V-type ATPase, V0 domain	3	0	0.09	1.0000	
GO:0000221	vacuolar proton-transporting V-type ATPase, V1 domain	1	0	0.03	1.0000	
GO:0000242	pericentriolar material	3	0	0.09	1.0000	
GO:0000243	commitment complex	2	0	0.06	1.0000	
GO:0000313	organellar ribosome	16	0	0.45	1.0000	
GO:0000314	organellar small ribosomal subunit	5	0	0.14	1.0000	
GO:0000315	organellar large ribosomal subunit	6	0	0.17	1.0000	
GO:0000323	lytic vacuole	50	0	1.42	1.0000	
GO:0000346	transcription export complex	2	0	0.06	1.0000	
GO:0000347	THO complex	3	0	0.09	1.0000	
GO:0000407	phagophore assembly site	8	0	0.23	1.0000	
GO:0000408	EKC/KEOPS complex	1	0	0.03	1.0000	
GO:0000421	autophagosome membrane	2	0	0.06	1.0000	
GO:0000428	DNA-directed RNA polymerase complex	57	0	1.62	1.0000	
GO:0000439	transcription factor TFIIH core complex	5	0	0.14	1.0000	
GO:0000445	THO complex part of transcription export complex	1	0	0.03	1.0000	
GO:0000502	proteasome complex	53	0	1.5	1.0000	
GO:0000506	glycosylphosphatidylinositol-N-acetylglucosaminyltransferase (GPI-GnT) complex	2	0	0.06	1.0000	
GO:0000775	chromosome, centromeric region	20	0	0.57	1.0000	
GO:0000776	kinetochore	15	0	0.43	1.0000	
GO:0000779	condensed chromosome, centromeric region	15	0	0.43	1.0000	
GO:0000781	chromosome, telomeric region	6	0	0.17	1.0000	
GO:0000786	nucleosome	71	0	2.01	1.0000	
GO:0000791	euchromatin	2	0	0.06	1.0000	
GO:0000793	condensed chromosome	30	0	0.85	1.0000	
GO:0000794	condensed nuclear chromosome	6	0	0.17	1.0000	
GO:0000795	synaptonemal complex	3	0	0.09	1.0000	
GO:0000796	condensin complex	7	0	0.2	1.0000	
GO:0000808	origin recognition complex	10	0	0.28	1.0000	
GO:0000811	GINS complex	2	0	0.06	1.0000	
GO:0000812	Swr1 complex	1	0	0.03	1.0000	
GO:0000813	ESCRT I complex	5	0	0.14	1.0000	
GO:0000814	ESCRT II complex	3	0	0.09	1.0000	
GO:0000835	ER ubiquitin ligase complex	1	0	0.03	1.0000	
GO:0000836	Hrd1p ubiquitin ligase complex	1	0	0.03	1.0000	
GO:0000839	Hrd1p ubiquitin ligase ERAD-L complex	1	0	0.03	1.0000	
GO:0000922	spindle pole	19	0	0.54	1.0000	
GO:0000930	gamma-tubulin complex	3	0	0.09	1.0000	
GO:0000931	gamma-tubulin ring complex	1	0	0.03	1.0000	
GO:0000932	P-body	25	0	0.71	1.0000	
GO:0000938	GARP complex	3	0	0.09	1.0000	
GO:0000940	outer kinetochore	2	0	0.06	1.0000	
GO:0000943	retrotransposon nucleocapsid	1	0	0.03	1.0000	
GO:0000974	Prp19 complex	3	0	0.09	1.0000	
GO:0001401	SAM complex	2	0	0.06	1.0000	
GO:0001518	voltage-gated sodium channel complex	2	0	0.06	1.0000	
GO:0001527	microfibril	1	0	0.03	1.0000	
GO:0001533	cornified envelope	1	0	0.03	1.0000	
GO:0001534	radial spoke	1	0	0.03	1.0000	
GO:0001650	fibrillar center	2	0	0.06	1.0000	
GO:0001669	acrosomal vesicle	5	0	0.14	1.0000	
GO:0001674	female germ cell nucleus	2	0	0.06	1.0000	
GO:0001725	stress fiber	2	0	0.06	1.0000	
GO:0001750	photoreceptor outer segment	1	0	0.03	1.0000	
GO:0001772	immunological synapse	1	0	0.03	1.0000	
GO:0001891	phagocytic cup	1	0	0.03	1.0000	
GO:0001917	photoreceptor inner segment	2	0	0.06	1.0000	
GO:0001931	uropod	1	0	0.03	1.0000	
GO:0001940	male pronucleus	1	0	0.03	1.0000	
GO:0002080	acrosomal membrane	2	0	0.06	1.0000	
GO:0002081	outer acrosomal membrane	1	0	0.03	1.0000	
GO:0002102	podosome	1	0	0.03	1.0000	
GO:0002177	manchette	1	0	0.03	1.0000	
GO:0005577	fibrinogen complex	1	0	0.03	1.0000	
GO:0005616	larval serum protein complex	3	0	0.09	1.0000	
GO:0005637	nuclear inner membrane	7	0	0.2	1.0000	
GO:0005640	nuclear outer membrane	1	0	0.03	1.0000	
GO:0005643	nuclear pore	31	0	0.88	1.0000	
GO:0005652	nuclear lamina	1	0	0.03	1.0000	
GO:0005655	nucleolar ribonuclease P complex	2	0	0.06	1.0000	
GO:0005656	nuclear pre-replicative complex	1	0	0.03	1.0000	
GO:0005657	replication fork	6	0	0.17	1.0000	
GO:0005658	alpha DNA polymerase:primase complex	1	0	0.03	1.0000	
GO:0005663	DNA replication factor C complex	1	0	0.03	1.0000	
GO:0005664	nuclear origin of replication recognition complex	3	0	0.09	1.0000	
GO:0005665	RNA polymerase II, core complex	6	0	0.17	1.0000	
GO:0005666	RNA polymerase III complex	5	0	0.14	1.0000	
GO:0005669	transcription factor TFIID complex	11	0	0.31	1.0000	
GO:0005672	transcription factor TFIIA complex	3	0	0.09	1.0000	
GO:0005673	transcription factor TFIIE complex	1	0	0.03	1.0000	
GO:0005674	transcription factor TFIIF complex	1	0	0.03	1.0000	
GO:0005675	transcription factor TFIIH holo complex	6	0	0.17	1.0000	
GO:0005682	U5 snRNP	3	0	0.09	1.0000	
GO:0005684	U2-type spliceosomal complex	12	0	0.34	1.0000	
GO:0005685	U1 snRNP	4	0	0.11	1.0000	
GO:0005686	U2 snRNP	2	0	0.06	1.0000	
GO:0005688	U6 snRNP	2	0	0.06	1.0000	
GO:0005689	U12-type spliceosomal complex	2	0	0.06	1.0000	
GO:0005700	polytene chromosome	7	0	0.2	1.0000	
GO:0005703	polytene chromosome puff	1	0	0.03	1.0000	
GO:0005704	polytene chromosome band	1	0	0.03	1.0000	
GO:0005732	sno(s)RNA-containing ribonucleoprotein complex	9	0	0.26	1.0000	
GO:0005736	RNA polymerase I complex	1	0	0.03	1.0000	
GO:0005741	mitochondrial outer membrane	30	0	0.85	1.0000	
GO:0005742	mitochondrial outer membrane translocase complex	4	0	0.11	1.0000	
GO:0005744	TIM23 mitochondrial import inner membrane translocase complex	3	0	0.09	1.0000	
GO:0005758	mitochondrial intermembrane space	22	0	0.62	1.0000	
GO:0005759	mitochondrial matrix	55	0	1.56	1.0000	
GO:0005760	gamma DNA polymerase complex	7	0	0.2	1.0000	
GO:0005761	mitochondrial ribosome	16	0	0.45	1.0000	
GO:0005762	mitochondrial large ribosomal subunit	6	0	0.17	1.0000	
GO:0005763	mitochondrial small ribosomal subunit	5	0	0.14	1.0000	
GO:0005764	lysosome	50	0	1.42	1.0000	
GO:0005765	lysosomal membrane	30	0	0.85	1.0000	
GO:0005766	primary lysosome	2	0	0.06	1.0000	
GO:0005767	secondary lysosome	1	0	0.03	1.0000	
GO:0005771	multivesicular body	5	0	0.14	1.0000	
GO:0005776	autophagosome	5	0	0.14	1.0000	
GO:0005778	peroxisomal membrane	9	0	0.26	1.0000	
GO:0005782	peroxisomal matrix	2	0	0.06	1.0000	
GO:0005784	Sec61 translocon complex	1	0	0.03	1.0000	
GO:0005785	signal recognition particle receptor complex	1	0	0.03	1.0000	
GO:0005786	signal recognition particle, endoplasmic reticulum targeting	6	0	0.17	1.0000	
GO:0005787	signal peptidase complex	4	0	0.11	1.0000	
GO:0005788	endoplasmic reticulum lumen	16	0	0.45	1.0000	
GO:0005793	endoplasmic reticulum-Golgi intermediate compartment	7	0	0.2	1.0000	
GO:0005795	Golgi stack	17	0	0.48	1.0000	
GO:0005797	Golgi medial cisterna	1	0	0.03	1.0000	
GO:0005798	Golgi-associated vesicle	14	0	0.4	1.0000	
GO:0005801	cis-Golgi network	2	0	0.06	1.0000	
GO:0005811	lipid droplet	7	0	0.2	1.0000	
GO:0005814	centriole	19	0	0.54	1.0000	
GO:0005819	spindle	40	0	1.13	1.0000	
GO:0005826	actomyosin contractile ring	2	0	0.06	1.0000	
GO:0005828	kinetochore microtubule	2	0	0.06	1.0000	
GO:0005832	chaperonin-containing T-complex	16	0	0.45	1.0000	
GO:0005834	heterotrimeric G-protein complex	2	0	0.06	1.0000	
GO:0005838	proteasome regulatory particle	9	0	0.26	1.0000	
GO:0005839	proteasome core complex	14	0	0.4	1.0000	
GO:0005846	nuclear cap binding complex	2	0	0.06	1.0000	
GO:0005847	mRNA cleavage and polyadenylation specificity factor complex	1	0	0.03	1.0000	
GO:0005848	mRNA cleavage stimulating factor complex	2	0	0.06	1.0000	
GO:0005849	mRNA cleavage factor complex	5	0	0.14	1.0000	
GO:0005850	eukaryotic translation initiation factor 2 complex	1	0	0.03	1.0000	
GO:0005852	eukaryotic translation initiation factor 3 complex	14	0	0.4	1.0000	
GO:0005853	eukaryotic translation elongation factor 1 complex	2	0	0.06	1.0000	
GO:0005854	nascent polypeptide-associated complex	1	0	0.03	1.0000	
GO:0005858	axonemal dynein complex	5	0	0.14	1.0000	
GO:0005861	troponin complex	2	0	0.06	1.0000	
GO:0005863	striated muscle myosin thick filament	2	0	0.06	1.0000	
GO:0005865	striated muscle thin filament	2	0	0.06	1.0000	
GO:0005868	cytoplasmic dynein complex	8	0	0.23	1.0000	
GO:0005869	dynactin complex	4	0	0.11	1.0000	
GO:0005871	kinesin complex	3	0	0.09	1.0000	
GO:0005876	spindle microtubule	3	0	0.09	1.0000	
GO:0005879	axonemal microtubule	4	0	0.11	1.0000	
GO:0005881	cytoplasmic microtubule	6	0	0.17	1.0000	
GO:0005882	intermediate filament	3	0	0.09	1.0000	
GO:0005884	actin filament	12	0	0.34	1.0000	
GO:0005885	Arp2/3 protein complex	5	0	0.14	1.0000	
GO:0005890	sodium:potassium-exchanging ATPase complex	4	0	0.11	1.0000	
GO:0005891	voltage-gated calcium channel complex	5	0	0.14	1.0000	
GO:0005892	acetylcholine-gated channel complex	1	0	0.03	1.0000	
GO:0005901	caveola	1	0	0.03	1.0000	
GO:0005905	clathrin-coated pit	10	0	0.28	1.0000	
GO:0005915	zonula adherens	2	0	0.06	1.0000	
GO:0005918	septate junction	2	0	0.06	1.0000	
GO:0005921	gap junction	7	0	0.2	1.0000	
GO:0005923	bicellular tight junction	9	0	0.26	1.0000	
GO:0005925	focal adhesion	14	0	0.4	1.0000	
GO:0005927	muscle tendon junction	1	0	0.03	1.0000	
GO:0005930	axoneme	20	0	0.57	1.0000	
GO:0005938	cell cortex	31	0	0.88	1.0000	
GO:0005952	cAMP-dependent protein kinase complex	2	0	0.06	1.0000	
GO:0005953	CAAX-protein geranylgeranyltransferase complex	1	0	0.03	1.0000	
GO:0005956	protein kinase CK2 complex	1	0	0.03	1.0000	
GO:0005960	glycine cleavage complex	1	0	0.03	1.0000	
GO:0005964	phosphorylase kinase complex	1	0	0.03	1.0000	
GO:0005965	protein farnesyltransferase complex	1	0	0.03	1.0000	
GO:0005968	Rab-protein geranylgeranyltransferase complex	2	0	0.06	1.0000	
GO:0008021	synaptic vesicle	13	0	0.37	1.0000	
GO:0008023	transcription elongation factor complex	12	0	0.34	1.0000	
GO:0008091	spectrin	2	0	0.06	1.0000	
GO:0008180	COP9 signalosome	7	0	0.2	1.0000	
GO:0008250	oligosaccharyltransferase complex	4	0	0.11	1.0000	
GO:0008278	cohesin complex	2	0	0.06	1.0000	
GO:0008290	F-actin capping protein complex	2	0	0.06	1.0000	
GO:0008303	caspase complex	5	0	0.14	1.0000	
GO:0008305	integrin complex	4	0	0.11	1.0000	
GO:0008328	ionotropic glutamate receptor complex	1	0	0.03	1.0000	
GO:0008352	katanin complex	1	0	0.03	1.0000	
GO:0008537	proteasome activator complex	1	0	0.03	1.0000	
GO:0008540	proteasome regulatory particle, base subcomplex	6	0	0.17	1.0000	
GO:0008541	proteasome regulatory particle, lid subcomplex	1	0	0.03	1.0000	
GO:0008622	epsilon DNA polymerase complex	2	0	0.06	1.0000	
GO:0009295	nucleoid	3	0	0.09	1.0000	
GO:0009331	glycerol-3-phosphate dehydrogenase (FAD) complex	2	0	0.06	1.0000	
GO:0009898	cytoplasmic side of plasma membrane	6	0	0.17	1.0000	
GO:0010494	cytoplasmic stress granule	7	0	0.2	1.0000	
GO:0012507	ER to Golgi transport vesicle membrane	14	0	0.4	1.0000	
GO:0012510	trans-Golgi network transport vesicle membrane	6	0	0.17	1.0000	
GO:0014069	postsynaptic density	9	0	0.26	1.0000	
GO:0015030	Cajal body	3	0	0.09	1.0000	
GO:0015934	large ribosomal subunit	29	0	0.82	1.0000	
GO:0015935	small ribosomal subunit	25	0	0.71	1.0000	
GO:0016027	inaD signaling complex	1	0	0.03	1.0000	
GO:0016028	rhabdomere	4	0	0.11	1.0000	
GO:0016035	zeta DNA polymerase complex	2	0	0.06	1.0000	
GO:0016234	inclusion body	2	0	0.06	1.0000	
GO:0016272	prefoldin complex	7	0	0.2	1.0000	
GO:0016282	eukaryotic 43S preinitiation complex	15	0	0.43	1.0000	
GO:0016327	apicolateral plasma membrane	5	0	0.14	1.0000	
GO:0016442	RISC complex	1	0	0.03	1.0000	
GO:0016460	myosin II complex	1	0	0.03	1.0000	
GO:0016469	proton-transporting two-sector ATPase complex	26	0	0.74	1.0000	
GO:0016471	vacuolar proton-transporting V-type ATPase complex	6	0	0.17	1.0000	
GO:0016507	mitochondrial fatty acid beta-oxidation multienzyme complex	1	0	0.03	1.0000	
GO:0016514	SWI/SNF complex	6	0	0.17	1.0000	
GO:0016528	sarcoplasm	6	0	0.17	1.0000	
GO:0016529	sarcoplasmic reticulum	4	0	0.11	1.0000	
GO:0016581	NuRD complex	1	0	0.03	1.0000	
GO:0016586	RSC-type complex	2	0	0.06	1.0000	
GO:0016591	RNA polymerase II, holoenzyme	33	0	0.94	1.0000	
GO:0016593	Cdc73/Paf1 complex	5	0	0.14	1.0000	
GO:0016600	flotillin complex	1	0	0.03	1.0000	
GO:0016602	CCAAT-binding factor complex	3	0	0.09	1.0000	
GO:0016605	PML body	1	0	0.03	1.0000	
GO:0017053	transcription repressor complex	7	0	0.2	1.0000	
GO:0017054	negative cofactor 2 complex	1	0	0.03	1.0000	
GO:0017146	NMDA selective glutamate receptor complex	1	0	0.03	1.0000	
GO:0018444	translation release factor complex	1	0	0.03	1.0000	
GO:0018995	host cellular component	3	0	0.09	1.0000	
GO:0019005	SCF ubiquitin ligase complex	14	0	0.4	1.0000	
GO:0019185	snRNA-activating protein complex	1	0	0.03	1.0000	
GO:0019773	proteasome core complex, alpha-subunit complex	7	0	0.2	1.0000	
GO:0019774	proteasome core complex, beta-subunit complex	2	0	0.06	1.0000	
GO:0019867	outer membrane	31	0	0.88	1.0000	
GO:0019897	extrinsic component of plasma membrane	5	0	0.14	1.0000	
GO:0019898	extrinsic component of membrane	13	0	0.37	1.0000	
GO:0020016	ciliary pocket	1	0	0.03	1.0000	
GO:0020018	ciliary pocket membrane	1	0	0.03	1.0000	
GO:0022624	proteasome accessory complex	10	0	0.28	1.0000	
GO:0022625	cytosolic large ribosomal subunit	14	0	0.4	1.0000	
GO:0022626	cytosolic ribosome	30	0	0.85	1.0000	
GO:0022627	cytosolic small ribosomal subunit	10	0	0.28	1.0000	
GO:0030008	TRAPP complex	8	0	0.23	1.0000	
GO:0030014	CCR4-NOT complex	12	0	0.34	1.0000	
GO:0030015	CCR4-NOT core complex	7	0	0.2	1.0000	
GO:0030016	myofibril	24	0	0.68	1.0000	
GO:0030017	sarcomere	24	0	0.68	1.0000	
GO:0030018	Z disc	9	0	0.26	1.0000	
GO:0030055	cell-substrate junction	14	0	0.4	1.0000	
GO:0030057	desmosome	1	0	0.03	1.0000	
GO:0030117	membrane coat	29	0	0.82	1.0000	
GO:0030118	clathrin coat	13	0	0.37	1.0000	
GO:0030119	AP-type membrane coat adaptor complex	14	0	0.4	1.0000	
GO:0030120	vesicle coat	21	0	0.6	1.0000	
GO:0030121	AP-1 adaptor complex	4	0	0.11	1.0000	
GO:0030122	AP-2 adaptor complex	3	0	0.09	1.0000	
GO:0030123	AP-3 adaptor complex	3	0	0.09	1.0000	
GO:0030125	clathrin vesicle coat	9	0	0.26	1.0000	
GO:0030126	COPI vesicle coat	5	0	0.14	1.0000	
GO:0030127	COPII vesicle coat	7	0	0.2	1.0000	
GO:0030128	clathrin coat of endocytic vesicle	3	0	0.09	1.0000	
GO:0030130	clathrin coat of trans-Golgi network vesicle	6	0	0.17	1.0000	
GO:0030131	clathrin adaptor complex	11	0	0.31	1.0000	
GO:0030132	clathrin coat of coated pit	5	0	0.14	1.0000	
GO:0030133	transport vesicle	39	0	1.11	1.0000	
GO:0030134	COPII-coated ER to Golgi transport vesicle	14	0	0.4	1.0000	
GO:0030137	COPI-coated vesicle	8	0	0.23	1.0000	
GO:0030139	endocytic vesicle	12	0	0.34	1.0000	
GO:0030140	trans-Golgi network transport vesicle	6	0	0.17	1.0000	
GO:0030141	secretory granule	19	0	0.54	1.0000	
GO:0030289	protein phosphatase 4 complex	1	0	0.03	1.0000	
GO:0030314	junctional membrane complex	1	0	0.03	1.0000	
GO:0030424	axon	29	0	0.82	1.0000	
GO:0030425	dendrite	28	0	0.79	1.0000	
GO:0030426	growth cone	6	0	0.17	1.0000	
GO:0030427	site of polarized growth	6	0	0.17	1.0000	
GO:0030430	host cell cytoplasm	2	0	0.06	1.0000	
GO:0030496	midbody	12	0	0.34	1.0000	
GO:0030532	small nuclear ribonucleoprotein complex	17	0	0.48	1.0000	
GO:0030658	transport vesicle membrane	27	0	0.77	1.0000	
GO:0030660	Golgi-associated vesicle membrane	13	0	0.37	1.0000	
GO:0030662	coated vesicle membrane	32	0	0.91	1.0000	
GO:0030663	COPI-coated vesicle membrane	7	0	0.2	1.0000	
GO:0030665	clathrin-coated vesicle membrane	11	0	0.31	1.0000	
GO:0030666	endocytic vesicle membrane	5	0	0.14	1.0000	
GO:0030667	secretory granule membrane	5	0	0.14	1.0000	
GO:0030669	clathrin-coated endocytic vesicle membrane	3	0	0.09	1.0000	
GO:0030670	phagocytic vesicle membrane	2	0	0.06	1.0000	
GO:0030672	synaptic vesicle membrane	3	0	0.09	1.0000	
GO:0030677	ribonuclease P complex	7	0	0.2	1.0000	
GO:0030681	multimeric ribonuclease P complex	2	0	0.06	1.0000	
GO:0030688	preribosome, small subunit precursor	2	0	0.06	1.0000	
GO:0030863	cortical cytoskeleton	6	0	0.17	1.0000	
GO:0030864	cortical actin cytoskeleton	6	0	0.17	1.0000	
GO:0030867	rough endoplasmic reticulum membrane	6	0	0.17	1.0000	
GO:0030870	Mre11 complex	3	0	0.09	1.0000	
GO:0030880	RNA polymerase complex	58	0	1.64	1.0000	
GO:0030891	VCB complex	1	0	0.03	1.0000	
GO:0030894	replisome	4	0	0.11	1.0000	
GO:0030896	checkpoint clamp complex	2	0	0.06	1.0000	
GO:0030897	HOPS complex	1	0	0.03	1.0000	
GO:0030904	retromer complex	3	0	0.09	1.0000	
GO:0030906	retromer, cargo-selective complex	1	0	0.03	1.0000	
GO:0030915	Smc5-Smc6 complex	7	0	0.2	1.0000	
GO:0030956	glutamyl-tRNA(Gln) amidotransferase complex	6	0	0.17	1.0000	
GO:0030964	NADH dehydrogenase complex	1	0	0.03	1.0000	
GO:0030990	intraciliary transport particle	6	0	0.17	1.0000	
GO:0030991	intraciliary transport particle A	2	0	0.06	1.0000	
GO:0030992	intraciliary transport particle B	4	0	0.11	1.0000	
GO:0031074	nucleocytoplasmic transport complex	1	0	0.03	1.0000	
GO:0031080	nuclear pore outer ring	1	0	0.03	1.0000	
GO:0031082	BLOC complex	5	0	0.14	1.0000	
GO:0031083	BLOC-1 complex	5	0	0.14	1.0000	
GO:0031088	platelet dense granule membrane	1	0	0.03	1.0000	
GO:0031091	platelet alpha granule	1	0	0.03	1.0000	
GO:0031093	platelet alpha granule lumen	1	0	0.03	1.0000	
GO:0031201	SNARE complex	2	0	0.06	1.0000	
GO:0031205	endoplasmic reticulum Sec complex	1	0	0.03	1.0000	
GO:0031209	SCAR complex	3	0	0.09	1.0000	
GO:0031213	RSF complex	1	0	0.03	1.0000	
GO:0031234	extrinsic component of cytoplasmic side of plasma membrane	3	0	0.09	1.0000	
GO:0031248	protein acetyltransferase complex	29	0	0.82	1.0000	
GO:0031251	PAN complex	2	0	0.06	1.0000	
GO:0031254	cell trailing edge	1	0	0.03	1.0000	
GO:0031256	leading edge membrane	8	0	0.23	1.0000	
GO:0031261	DNA replication preinitiation complex	2	0	0.06	1.0000	
GO:0031262	Ndc80 complex	2	0	0.06	1.0000	
GO:0031312	extrinsic component of organelle membrane	8	0	0.23	1.0000	
GO:0031314	extrinsic component of mitochondrial inner membrane	8	0	0.23	1.0000	
GO:0031332	RNAi effector complex	1	0	0.03	1.0000	
GO:0031371	ubiquitin conjugating enzyme complex	1	0	0.03	1.0000	
GO:0031372	UBC13-MMS2 complex	1	0	0.03	1.0000	
GO:0031390	Ctf18 RFC-like complex	2	0	0.06	1.0000	
GO:0031395	bursicon neuropeptide hormone complex	1	0	0.03	1.0000	
GO:0031414	N-terminal protein acetyltransferase complex	4	0	0.11	1.0000	
GO:0031415	NatA complex	1	0	0.03	1.0000	
GO:0031416	NatB complex	1	0	0.03	1.0000	
GO:0031417	NatC complex	2	0	0.06	1.0000	
GO:0031428	box C/D methylation guide snoRNP complex	3	0	0.09	1.0000	
GO:0031430	M band	3	0	0.09	1.0000	
GO:0031462	Cul2-RING ubiquitin ligase complex	2	0	0.06	1.0000	
GO:0031463	Cul3-RING ubiquitin ligase complex	7	0	0.2	1.0000	
GO:0031464	Cul4A-RING E3 ubiquitin ligase complex	2	0	0.06	1.0000	
GO:0031510	SUMO activating enzyme complex	2	0	0.06	1.0000	
GO:0031515	tRNA (m1A) methyltransferase complex	2	0	0.06	1.0000	
GO:0031527	filopodium membrane	1	0	0.03	1.0000	
GO:0031588	nucleotide-activated protein kinase complex	1	0	0.03	1.0000	
GO:0031594	neuromuscular junction	11	0	0.31	1.0000	
GO:0031597	cytosolic proteasome complex	1	0	0.03	1.0000	
GO:0031672	A band	5	0	0.14	1.0000	
GO:0031674	I band	11	0	0.31	1.0000	
GO:0031902	late endosome membrane	17	0	0.48	1.0000	
GO:0031903	microbody membrane	9	0	0.26	1.0000	
GO:0031907	microbody lumen	2	0	0.06	1.0000	
GO:0031931	TORC1 complex	6	0	0.17	1.0000	
GO:0031932	TORC2 complex	4	0	0.11	1.0000	
GO:0031941	filamentous actin	3	0	0.09	1.0000	
GO:0031965	nuclear membrane	18	0	0.51	1.0000	
GO:0031968	organelle outer membrane	31	0	0.88	1.0000	
GO:0031970	organelle envelope lumen	22	0	0.62	1.0000	
GO:0031983	vesicle lumen	4	0	0.11	1.0000	
GO:0031985	Golgi cisterna	14	0	0.4	1.0000	
GO:0032021	NELF complex	1	0	0.03	1.0000	
GO:0032039	integrator complex	9	0	0.26	1.0000	
GO:0032040	small-subunit processome	16	0	0.45	1.0000	
GO:0032045	guanyl-nucleotide exchange factor complex	6	0	0.17	1.0000	
GO:0032116	SMC loading complex	1	0	0.03	1.0000	
GO:0032153	cell division site	9	0	0.26	1.0000	
GO:0032154	cleavage furrow	9	0	0.26	1.0000	
GO:0032279	asymmetric synapse	9	0	0.26	1.0000	
GO:0032299	ribonuclease H2 complex	2	0	0.06	1.0000	
GO:0032300	mismatch repair complex	3	0	0.09	1.0000	
GO:0032391	photoreceptor connecting cilium	4	0	0.11	1.0000	
GO:0032432	actin filament bundle	3	0	0.09	1.0000	
GO:0032433	filopodium tip	1	0	0.03	1.0000	
GO:0032476	polyprenyl diphosphate synthase complex	5	0	0.14	1.0000	
GO:0032580	Golgi cisterna membrane	11	0	0.31	1.0000	
GO:0032585	multivesicular body membrane	2	0	0.06	1.0000	
GO:0032587	ruffle membrane	3	0	0.09	1.0000	
GO:0032588	trans-Golgi network membrane	2	0	0.06	1.0000	
GO:0032589	neuron projection membrane	5	0	0.14	1.0000	
GO:0032783	super elongation complex	1	0	0.03	1.0000	
GO:0032797	SMN complex	2	0	0.06	1.0000	
GO:0032806	carboxy-terminal domain protein kinase complex	6	0	0.17	1.0000	
GO:0032838	plasma membrane bounded cell projection cytoplasm	24	0	0.68	1.0000	
GO:0032982	myosin filament	2	0	0.06	1.0000	
GO:0032993	protein-DNA complex	80	0	2.27	1.0000	
GO:0032994	protein-lipid complex	1	0	0.03	1.0000	
GO:0032996	Bcl3-Bcl10 complex	2	0	0.06	1.0000	
GO:0033017	sarcoplasmic reticulum membrane	2	0	0.06	1.0000	
GO:0033061	DNA recombinase mediator complex	1	0	0.03	1.0000	
GO:0033063	Rad51B-Rad51C-Rad51D-XRCC2 complex	1	0	0.03	1.0000	
GO:0033116	endoplasmic reticulum-Golgi intermediate compartment membrane	3	0	0.09	1.0000	
GO:0033162	melanosome membrane	1	0	0.03	1.0000	
GO:0033176	proton-transporting V-type ATPase complex	15	0	0.43	1.0000	
GO:0033177	proton-transporting two-sector ATPase complex, proton-transporting domain	15	0	0.43	1.0000	
GO:0033178	proton-transporting two-sector ATPase complex, catalytic domain	9	0	0.26	1.0000	
GO:0033179	proton-transporting V-type ATPase, V0 domain	8	0	0.23	1.0000	
GO:0033180	proton-transporting V-type ATPase, V1 domain	5	0	0.14	1.0000	
GO:0033186	CAF-1 complex	1	0	0.03	1.0000	
GO:0033256	I-kappaB/NF-kappaB complex	2	0	0.06	1.0000	
GO:0033257	Bcl3/NF-kappaB2 complex	2	0	0.06	1.0000	
GO:0033263	CORVET complex	1	0	0.03	1.0000	
GO:0033269	internode region of axon	1	0	0.03	1.0000	
GO:0033290	eukaryotic 48S preinitiation complex	14	0	0.4	1.0000	
GO:0033557	Slx1-Slx4 complex	2	0	0.06	1.0000	
GO:0033583	rhabdomere membrane	2	0	0.06	1.0000	
GO:0033588	elongator holoenzyme complex	5	0	0.14	1.0000	
GO:0033596	TSC1-TSC2 complex	1	0	0.03	1.0000	
GO:0033597	mitotic checkpoint complex	1	0	0.03	1.0000	
GO:0033643	host cell part	3	0	0.09	1.0000	
GO:0033644	host cell membrane	1	0	0.03	1.0000	
GO:0033646	host intracellular part	2	0	0.06	1.0000	
GO:0033647	host intracellular organelle	1	0	0.03	1.0000	
GO:0033648	host intracellular membrane-bounded organelle	1	0	0.03	1.0000	
GO:0034045	phagophore assembly site membrane	4	0	0.11	1.0000	
GO:0034066	Ric1-Rgp1 guanyl-nucleotide exchange factor complex	1	0	0.03	1.0000	
GO:0034098	VCP-NPL4-UFD1 AAA ATPase complex	3	0	0.09	1.0000	
GO:0034451	centriolar satellite	2	0	0.06	1.0000	
GO:0034455	t-UTP complex	1	0	0.03	1.0000	
GO:0034457	Mpp10 complex	1	0	0.03	1.0000	
GO:0034464	BBSome	6	0	0.17	1.0000	
GO:0034518	RNA cap binding complex	2	0	0.06	1.0000	
GO:0034657	GID complex	1	0	0.03	1.0000	
GO:0034704	calcium channel complex	6	0	0.17	1.0000	
GO:0034706	sodium channel complex	2	0	0.06	1.0000	
GO:0034707	chloride channel complex	6	0	0.17	1.0000	
GO:0034719	SMN-Sm protein complex	2	0	0.06	1.0000	
GO:0034750	Scrib-APC-beta-catenin complex	1	0	0.03	1.0000	
GO:0034774	secretory granule lumen	4	0	0.11	1.0000	
GO:0035003	subapical complex	3	0	0.09	1.0000	
GO:0035060	brahma complex	3	0	0.09	1.0000	
GO:0035098	ESC/E(Z) complex	2	0	0.06	1.0000	
GO:0035102	PRC1 complex	3	0	0.09	1.0000	
GO:0035145	exon-exon junction complex	6	0	0.17	1.0000	
GO:0035267	NuA4 histone acetyltransferase complex	6	0	0.17	1.0000	
GO:0035323	male germline ring canal	3	0	0.09	1.0000	
GO:0035371	microtubule plus-end	2	0	0.06	1.0000	
GO:0035517	PR-DUB complex	1	0	0.03	1.0000	
GO:0035577	azurophil granule membrane	2	0	0.06	1.0000	
GO:0035658	Mon1-Ccz1 complex	2	0	0.06	1.0000	
GO:0035748	myelin sheath abaxonal region	1	0	0.03	1.0000	
GO:0035859	Seh1-associated complex	3	0	0.09	1.0000	
GO:0035861	site of double-strand break	1	0	0.03	1.0000	
GO:0035869	ciliary transition zone	6	0	0.17	1.0000	
GO:0036038	MKS complex	2	0	0.06	1.0000	
GO:0036064	ciliary basal body	14	0	0.4	1.0000	
GO:0036125	fatty acid beta-oxidation multienzyme complex	1	0	0.03	1.0000	
GO:0036156	inner dynein arm	1	0	0.03	1.0000	
GO:0036157	outer dynein arm	2	0	0.06	1.0000	
GO:0036379	myofilament	4	0	0.11	1.0000	
GO:0036387	pre-replicative complex	1	0	0.03	1.0000	
GO:0036396	RNA N6-methyladenosine methyltransferase complex	1	0	0.03	1.0000	
GO:0036452	ESCRT complex	8	0	0.23	1.0000	
GO:0036477	somatodendritic compartment	40	0	1.13	1.0000	
GO:0036513	Derlin-1 retrotranslocation complex	1	0	0.03	1.0000	
GO:0038201	TOR complex	8	0	0.23	1.0000	
GO:0042025	host cell nucleus	1	0	0.03	1.0000	
GO:0042383	sarcolemma	7	0	0.2	1.0000	
GO:0042470	melanosome	3	0	0.09	1.0000	
GO:0042555	MCM complex	9	0	0.26	1.0000	
GO:0042564	NLS-dependent protein nuclear import complex	1	0	0.03	1.0000	
GO:0042582	azurophil granule	2	0	0.06	1.0000	
GO:0042585	germinal vesicle	1	0	0.03	1.0000	
GO:0042587	glycogen granule	1	0	0.03	1.0000	
GO:0042641	actomyosin	2	0	0.06	1.0000	
GO:0042645	mitochondrial nucleoid	3	0	0.09	1.0000	
GO:0042720	mitochondrial inner membrane peptidase complex	1	0	0.03	1.0000	
GO:0042721	TIM22 mitochondrial import inner membrane insertion complex	2	0	0.06	1.0000	
GO:0042765	GPI-anchor transamidase complex	5	0	0.14	1.0000	
GO:0042827	platelet dense granule	1	0	0.03	1.0000	
GO:0043025	neuronal cell body	17	0	0.48	1.0000	
GO:0043073	germ cell nucleus	3	0	0.09	1.0000	
GO:0043083	synaptic cleft	2	0	0.06	1.0000	
GO:0043189	H4/H2A histone acetyltransferase complex	7	0	0.2	1.0000	
GO:0043195	terminal bouton	3	0	0.09	1.0000	
GO:0043197	dendritic spine	9	0	0.26	1.0000	
GO:0043198	dendritic shaft	1	0	0.03	1.0000	
GO:0043204	perikaryon	7	0	0.2	1.0000	
GO:0043209	myelin sheath	6	0	0.17	1.0000	
GO:0043218	compact myelin	3	0	0.09	1.0000	
GO:0043220	Schmidt-Lanterman incisure	3	0	0.09	1.0000	
GO:0043230	extracellular organelle	16	0	0.45	1.0000	
GO:0043235	receptor complex	6	0	0.17	1.0000	
GO:0043240	Fanconi anaemia nuclear complex	3	0	0.09	1.0000	
GO:0043291	RAVE complex	2	0	0.06	1.0000	
GO:0043292	contractile muscle fiber	24	0	0.68	1.0000	
GO:0043296	apical junction complex	12	0	0.34	1.0000	
GO:0043527	tRNA methyltransferase complex	2	0	0.06	1.0000	
GO:0043564	Ku70:Ku80 complex	2	0	0.06	1.0000	
GO:0043596	nuclear replication fork	4	0	0.11	1.0000	
GO:0043601	nuclear replisome	4	0	0.11	1.0000	
GO:0043614	multi-eIF complex	1	0	0.03	1.0000	
GO:0043625	delta DNA polymerase complex	3	0	0.09	1.0000	
GO:0043656	host intracellular region	2	0	0.06	1.0000	
GO:0043679	axon terminus	5	0	0.14	1.0000	
GO:0044217	other organism part	1	0	0.03	1.0000	
GO:0044218	other organism cell membrane	1	0	0.03	1.0000	
GO:0044221	host cell synapse	1	0	0.03	1.0000	
GO:0044231	host cell presynaptic membrane	1	0	0.03	1.0000	
GO:0044232	organelle membrane contact site	2	0	0.06	1.0000	
GO:0044233	mitochondria-associated endoplasmic reticulum membrane contact site	1	0	0.03	1.0000	
GO:0044291	cell-cell contact zone	1	0	0.03	1.0000	
GO:0044295	axonal growth cone	1	0	0.03	1.0000	
GO:0044297	cell body	17	0	0.48	1.0000	
GO:0044298	cell body membrane	1	0	0.03	1.0000	
GO:0044304	main axon	1	0	0.03	1.0000	
GO:0044306	neuron projection terminus	5	0	0.14	1.0000	
GO:0044309	neuron spine	9	0	0.26	1.0000	
GO:0044322	endoplasmic reticulum quality control compartment	1	0	0.03	1.0000	
GO:0044352	pinosome	1	0	0.03	1.0000	
GO:0044354	macropinosome	1	0	0.03	1.0000	
GO:0044391	ribosomal subunit	53	0	1.5	1.0000	
GO:0044423	virion component	1	0	0.03	1.0000	
GO:0044545	NSL complex	1	0	0.03	1.0000	
GO:0044615	nuclear pore nuclear basket	1	0	0.03	1.0000	
GO:0044666	MLL3/4 complex	3	0	0.09	1.0000	
GO:0044754	autolysosome	1	0	0.03	1.0000	
GO:0044853	plasma membrane raft	1	0	0.03	1.0000	
GO:0045009	chitosome	1	0	0.03	1.0000	
GO:0045111	intermediate filament cytoskeleton	3	0	0.09	1.0000	
GO:0045120	pronucleus	1	0	0.03	1.0000	
GO:0045121	membrane raft	8	0	0.23	1.0000	
GO:0045169	fusome	1	0	0.03	1.0000	
GO:0045171	intercellular bridge	4	0	0.11	1.0000	
GO:0045172	germline ring canal	3	0	0.09	1.0000	
GO:0045179	apical cortex	4	0	0.11	1.0000	
GO:0045239	tricarboxylic acid cycle heteromeric enzyme complex	2	0	0.06	1.0000	
GO:0045240	alpha-ketoacid dehydrogenase complex	3	0	0.09	1.0000	
GO:0045252	oxoglutarate dehydrogenase complex	1	0	0.03	1.0000	
GO:0045254	pyruvate dehydrogenase complex	2	0	0.06	1.0000	
GO:0045259	proton-transporting ATP synthase complex	11	0	0.31	1.0000	
GO:0045261	proton-transporting ATP synthase complex, catalytic core F(1)	4	0	0.11	1.0000	
GO:0045263	proton-transporting ATP synthase complex, coupling factor F(o)	7	0	0.2	1.0000	
GO:0045271	respiratory chain complex I	1	0	0.03	1.0000	
GO:0045277	respiratory chain complex IV	4	0	0.11	1.0000	
GO:0045334	clathrin-coated endocytic vesicle	3	0	0.09	1.0000	
GO:0045335	phagocytic vesicle	5	0	0.14	1.0000	
GO:0046540	U4/U6 x U5 tri-snRNP complex	8	0	0.23	1.0000	
GO:0046695	SLIK (SAGA-like) complex	2	0	0.06	1.0000	
GO:0046930	pore complex	1	0	0.03	1.0000	
GO:0048475	coated membrane	29	0	0.82	1.0000	
GO:0048476	Holliday junction resolvase complex	3	0	0.09	1.0000	
GO:0048500	signal recognition particle	6	0	0.17	1.0000	
GO:0048770	pigment granule	3	0	0.09	1.0000	
GO:0048786	presynaptic active zone	3	0	0.09	1.0000	
GO:0051233	spindle midzone	3	0	0.09	1.0000	
GO:0055029	nuclear DNA-directed RNA polymerase complex	38	0	1.08	1.0000	
GO:0055037	recycling endosome	16	0	0.45	1.0000	
GO:0055038	recycling endosome membrane	8	0	0.23	1.0000	
GO:0055087	Ski complex	2	0	0.06	1.0000	
GO:0060091	kinocilium	3	0	0.09	1.0000	
GO:0060170	ciliary membrane	5	0	0.14	1.0000	
GO:0060205	cytoplasmic vesicle lumen	4	0	0.11	1.0000	
GO:0061174	type I terminal bouton	2	0	0.06	1.0000	
GO:0061617	MICOS complex	5	0	0.14	1.0000	
GO:0061700	GATOR2 complex	2	0	0.06	1.0000	
GO:0061803	posterior cell cortex	1	0	0.03	1.0000	
GO:0061827	sperm head	1	0	0.03	1.0000	
GO:0062129	chitin-based extracellular matrix	2	0	0.06	1.0000	
GO:0065010	extracellular membrane-bounded organelle	16	0	0.45	1.0000	
GO:0070062	extracellular exosome	16	0	0.45	1.0000	
GO:0070069	cytochrome complex	4	0	0.11	1.0000	
GO:0070160	tight junction	10	0	0.28	1.0000	
GO:0070176	DRM complex	1	0	0.03	1.0000	
GO:0070274	RES complex	1	0	0.03	1.0000	
GO:0070382	exocytic vesicle	14	0	0.4	1.0000	
GO:0070390	transcription export complex 2	1	0	0.03	1.0000	
GO:0070449	elongin complex	2	0	0.06	1.0000	
GO:0070451	cell hair	2	0	0.06	1.0000	
GO:0070461	SAGA-type complex	11	0	0.31	1.0000	
GO:0070652	HAUS complex	2	0	0.06	1.0000	
GO:0070695	FHF complex	1	0	0.03	1.0000	
GO:0070761	pre-snoRNP complex	1	0	0.03	1.0000	
GO:0070772	PAS complex	1	0	0.03	1.0000	
GO:0070847	core mediator complex	1	0	0.03	1.0000	
GO:0070860	RNA polymerase I core factor complex	1	0	0.03	1.0000	
GO:0070864	sperm individualization complex	1	0	0.03	1.0000	
GO:0070865	investment cone	1	0	0.03	1.0000	
GO:0070876	SOSS complex	1	0	0.03	1.0000	
GO:0070877	microprocessor complex	2	0	0.06	1.0000	
GO:0070938	contractile ring	2	0	0.06	1.0000	
GO:0070939	Dsl1/NZR complex	1	0	0.03	1.0000	
GO:0070985	transcription factor TFIIK complex	2	0	0.06	1.0000	
GO:0070993	translation preinitiation complex	15	0	0.43	1.0000	
GO:0071004	U2-type prespliceosome	2	0	0.06	1.0000	
GO:0071005	U2-type precatalytic spliceosome	4	0	0.11	1.0000	
GO:0071006	U2-type catalytic step 1 spliceosome	2	0	0.06	1.0000	
GO:0071007	U2-type catalytic step 2 spliceosome	3	0	0.09	1.0000	
GO:0071008	U2-type post-mRNA release spliceosomal complex	1	0	0.03	1.0000	
GO:0071010	prespliceosome	2	0	0.06	1.0000	
GO:0071011	precatalytic spliceosome	10	0	0.28	1.0000	
GO:0071012	catalytic step 1 spliceosome	2	0	0.06	1.0000	
GO:0071013	catalytic step 2 spliceosome	11	0	0.31	1.0000	
GO:0071014	post-mRNA release spliceosomal complex	4	0	0.11	1.0000	
GO:0071203	WASH complex	5	0	0.14	1.0000	
GO:0071212	subsynaptic reticulum	1	0	0.03	1.0000	
GO:0071254	cytoplasmic U snRNP body	1	0	0.03	1.0000	
GO:0071256	translocon complex	1	0	0.03	1.0000	
GO:0071439	clathrin complex	1	0	0.03	1.0000	
GO:0071540	eukaryotic translation initiation factor 3 complex, eIF3e	1	0	0.03	1.0000	
GO:0071541	eukaryotic translation initiation factor 3 complex, eIF3m	1	0	0.03	1.0000	
GO:0071564	npBAF complex	1	0	0.03	1.0000	
GO:0071565	nBAF complex	2	0	0.06	1.0000	
GO:0071595	Nem1-Spo7 phosphatase complex	1	0	0.03	1.0000	
GO:0071782	endoplasmic reticulum tubular network	1	0	0.03	1.0000	
GO:0071797	LUBAC complex	1	0	0.03	1.0000	
GO:0071819	DUBm complex	2	0	0.06	1.0000	
GO:0071986	Ragulator complex	3	0	0.09	1.0000	
GO:0072379	ER membrane insertion complex	2	0	0.06	1.0000	
GO:0072380	TRC complex	1	0	0.03	1.0000	
GO:0072487	MSL complex	2	0	0.06	1.0000	
GO:0072546	EMC complex	5	0	0.14	1.0000	
GO:0072669	tRNA-splicing ligase complex	3	0	0.09	1.0000	
GO:0072686	mitotic spindle	8	0	0.23	1.0000	
GO:0080008	Cul4-RING E3 ubiquitin ligase complex	11	0	0.31	1.0000	
GO:0089701	U2AF complex	2	0	0.06	1.0000	
GO:0090443	FAR/SIN/STRIPAK complex	1	0	0.03	1.0000	
GO:0090533	cation-transporting ATPase complex	19	0	0.54	1.0000	
GO:0090537	CERF complex	1	0	0.03	1.0000	
GO:0090543	Flemming body	1	0	0.03	1.0000	
GO:0090545	CHD-type complex	1	0	0.03	1.0000	
GO:0090571	RNA polymerase II transcription repressor complex	3	0	0.09	1.0000	
GO:0090575	RNA polymerase II transcription regulator complex	30	0	0.85	1.0000	
GO:0090576	RNA polymerase III transcription regulator complex	3	0	0.09	1.0000	
GO:0090730	Las1 complex	1	0	0.03	1.0000	
GO:0090734	site of DNA damage	3	0	0.09	1.0000	
GO:0090741	pigment granule membrane	1	0	0.03	1.0000	
GO:0097014	ciliary plasm	21	0	0.6	1.0000	
GO:0097025	MPP7-DLG1-LIN7 complex	1	0	0.03	1.0000	
GO:0097361	cytosolic [4Fe-4S] assembly targeting complex	1	0	0.03	1.0000	
GO:0097413	Lewy body	1	0	0.03	1.0000	
GO:0097422	tubular endosome	1	0	0.03	1.0000	
GO:0097431	mitotic spindle pole	3	0	0.09	1.0000	
GO:0097447	dendritic tree	28	0	0.79	1.0000	
GO:0097482	muscle cell postsynaptic specialization	1	0	0.03	1.0000	
GO:0097517	contractile actin filament bundle	2	0	0.06	1.0000	
GO:0097525	spliceosomal snRNP complex	15	0	0.43	1.0000	
GO:0097526	spliceosomal tri-snRNP complex	8	0	0.23	1.0000	
GO:0097539	ciliary transition fiber	2	0	0.06	1.0000	
GO:0097541	axonemal basal plate	1	0	0.03	1.0000	
GO:0097542	ciliary tip	2	0	0.06	1.0000	
GO:0097543	ciliary inversin compartment	2	0	0.06	1.0000	
GO:0097546	ciliary base	4	0	0.11	1.0000	
GO:0097550	transcription preinitiation complex	1	0	0.03	1.0000	
GO:0097574	lateral part of cell	2	0	0.06	1.0000	
GO:0097730	non-motile cilium	7	0	0.2	1.0000	
GO:0097731	9+0 non-motile cilium	4	0	0.11	1.0000	
GO:0097732	9+2 non-motile cilium	3	0	0.09	1.0000	
GO:0097733	photoreceptor cell cilium	4	0	0.11	1.0000	
GO:0098533	ATPase dependent transmembrane transport complex	19	0	0.54	1.0000	
GO:0098548	cytoplasmic side of Golgi membrane	1	0	0.03	1.0000	
GO:0098562	cytoplasmic side of membrane	7	0	0.2	1.0000	
GO:0098576	lumenal side of membrane	1	0	0.03	1.0000	
GO:0098591	external side of apical plasma membrane	1	0	0.03	1.0000	
GO:0098592	cytoplasmic side of apical plasma membrane	1	0	0.03	1.0000	
GO:0098636	protein complex involved in cell adhesion	4	0	0.11	1.0000	
GO:0098685	Schaffer collateral - CA1 synapse	1	0	0.03	1.0000	
GO:0098687	chromosomal region	28	0	0.79	1.0000	
GO:0098798	mitochondrial protein-containing complex	35	0	0.99	1.0000	
GO:0098799	outer mitochondrial membrane protein complex	4	0	0.11	1.0000	
GO:0098800	inner mitochondrial membrane protein complex	12	0	0.34	1.0000	
GO:0098802	plasma membrane signaling receptor complex	6	0	0.17	1.0000	
GO:0098803	respiratory chain complex	16	0	0.45	1.0000	
GO:0098826	endoplasmic reticulum tubular network membrane	1	0	0.03	1.0000	
GO:0098837	postsynaptic recycling endosome	1	0	0.03	1.0000	
GO:0098839	postsynaptic density membrane	4	0	0.11	1.0000	
GO:0098845	postsynaptic endosome	1	0	0.03	1.0000	
GO:0098852	lytic vacuole membrane	30	0	0.85	1.0000	
GO:0098857	membrane microdomain	8	0	0.23	1.0000	
GO:0098871	postsynaptic actin cytoskeleton	2	0	0.06	1.0000	
GO:0098878	neurotransmitter receptor complex	1	0	0.03	1.0000	
GO:0098890	extrinsic component of postsynaptic membrane	1	0	0.03	1.0000	
GO:0098892	extrinsic component of postsynaptic specialization membrane	1	0	0.03	1.0000	
GO:0098895	postsynaptic endosome membrane	1	0	0.03	1.0000	
GO:0098944	postsynaptic recycling endosome membrane	1	0	0.03	1.0000	
GO:0098975	postsynapse of neuromuscular junction	1	0	0.03	1.0000	
GO:0098978	glutamatergic synapse	13	0	0.37	1.0000	
GO:0098982	GABA-ergic synapse	1	0	0.03	1.0000	
GO:0098984	neuron to neuron synapse	9	0	0.26	1.0000	
GO:0099078	BORC complex	4	0	0.11	1.0000	
GO:0099086	synaptonemal structure	3	0	0.09	1.0000	
GO:0099147	extrinsic component of postsynaptic density membrane	1	0	0.03	1.0000	
GO:0099243	extrinsic component of synaptic membrane	1	0	0.03	1.0000	
GO:0099501	exocytic vesicle membrane	3	0	0.09	1.0000	
GO:0099503	secretory vesicle	32	0	0.91	1.0000	
GO:0099522	cytosolic region	1	0	0.03	1.0000	
GO:0099523	presynaptic cytosol	1	0	0.03	1.0000	
GO:0099568	cytoplasmic region	30	0	0.85	1.0000	
GO:0099571	postsynaptic cytoskeleton	2	0	0.06	1.0000	
GO:0099572	postsynaptic specialization	10	0	0.28	1.0000	
GO:0099634	postsynaptic specialization membrane	4	0	0.11	1.0000	
GO:0099738	cell cortex region	6	0	0.17	1.0000	
GO:0101002	ficolin-1-rich granule	3	0	0.09	1.0000	
GO:0101031	protein folding chaperone complex	19	0	0.54	1.0000	
GO:0106068	SUMO ligase complex	7	0	0.2	1.0000	
GO:0110078	TTT Hsp90 cochaperone complex	1	0	0.03	1.0000	
GO:0120043	stereocilium shaft	1	0	0.03	1.0000	
GO:0120111	neuron projection cytoplasm	3	0	0.09	1.0000	
GO:0120114	Sm-like protein family complex	21	0	0.6	1.0000	
GO:0120157	PAR polarity complex	1	0	0.03	1.0000	
GO:0120219	subapical part of cell	1	0	0.03	1.0000	
GO:0120293	dynein axonemal particle	7	0	0.2	1.0000	
GO:0140261	BCOR complex	1	0	0.03	1.0000	
GO:0140288	GBAF complex	2	0	0.06	1.0000	
GO:0140534	endoplasmic reticulum protein-containing complex	27	0	0.77	1.0000	
GO:0140672	ATAC complex	1	0	0.03	1.0000	
GO:0150034	distal axon	11	0	0.31	1.0000	
GO:0160064	multi-pass translocon complex	1	0	0.03	1.0000	
GO:0170049	box C/D RNP complex	3	0	0.09	1.0000	
GO:1902493	acetyltransferase complex	29	0	0.82	1.0000	
GO:1902554	serine/threonine protein kinase complex	13	0	0.37	1.0000	
GO:1902555	endoribonuclease complex	12	0	0.34	1.0000	
GO:1902562	H4 histone acetyltransferase complex	10	0	0.28	1.0000	
GO:1902911	protein kinase complex	15	0	0.43	1.0000	
GO:1903095	ribonuclease III complex	2	0	0.06	1.0000	
GO:1903561	extracellular vesicle	16	0	0.45	1.0000	
GO:1904115	axon cytoplasm	3	0	0.09	1.0000	
GO:1904423	dehydrodolichyl diphosphate synthase complex	1	0	0.03	1.0000	
GO:1904813	ficolin-1-rich granule lumen	3	0	0.09	1.0000	
GO:1905347	endodeoxyribonuclease complex	3	0	0.09	1.0000	
GO:1905348	endonuclease complex	15	0	0.43	1.0000	
GO:1905354	exoribonuclease complex	15	0	0.43	1.0000	
GO:1905360	GTPase complex	2	0	0.06	1.0000	
GO:1990023	mitotic spindle midzone	3	0	0.09	1.0000	
GO:1990047	spindle matrix	1	0	0.03	1.0000	
GO:1990071	TRAPPII protein complex	1	0	0.03	1.0000	
GO:1990072	TRAPPIII protein complex	3	0	0.09	1.0000	
GO:1990112	RQC complex	1	0	0.03	1.0000	
GO:1990130	GATOR1 complex	1	0	0.03	1.0000	
GO:1990204	oxidoreductase complex	12	0	0.34	1.0000	
GO:1990229	iron-sulfur cluster assembly complex	2	0	0.06	1.0000	
GO:1990246	uniplex complex	1	0	0.03	1.0000	
GO:1990316	Atg1/ULK1 kinase complex	2	0	0.06	1.0000	
GO:1990423	RZZ complex	2	0	0.06	1.0000	
GO:1990728	mitotic spindle assembly checkpoint MAD1-MAD2 complex	1	0	0.03	1.0000	
GO:1990745	EARP complex	1	0	0.03	1.0000	
GO:1990752	microtubule end	2	0	0.06	1.0000	
GO:1990794	basolateral part of cell	2	0	0.06	1.0000	
GO:1990917	ooplasm	2	0	0.06	1.0000	
